region,device_type,ip_address,serial_number,company,department
North America,Firewall,252.82.125.192,6242afdcb0dece1301faf2c7b9aca5b4,Abshire Group,Training
Africa,Router,182.75.180.181,7b2d9c19f279daebb5f9da8701426048,Harvey Inc,Training
Europe,Switch,168.252.84.92,b4b287da121d0c27fd06c80c4a694cef,Kohler Inc,Marketing
Asia,Access Point,88.89.16.51,a07c010b5e06c121ed931343a7db0025,"Emmerich, Nolan and Hermann",Engineering
North America,Switch,,2bc576d76591296bcd2c9f298b8bd569,"Yundt, Funk and Ruecker",Accounting
North America,Switch,109.254.243.172,2288c718fa6f7a0abd91a2fe6b3cf9fa,Schuppe-Jones,Sales
South America,Switch,33.143.12.89,59fdcbddccffd8931e3921ddcebd6cc8,Bins-Roob,Accounting
North America,Router,,2f044a599a3961df6000c949bf10b610,"Morar, Gusikowski and Cormier",Engineering
Asia,Access Point,207.48.218.165,4b143c6d094b1716fb91a9698a59bcc2,Ratke-Farrell,Engineering
Europe,Switch,77.244.140.72,e04c58cabda6b992916beeb87eabf54e,Fisher LLC,Business Development
South America,Router,161.112.238.68,0c27710ca1c8a7ff113e1e2553e20124,"Schulist, Daugherty and Runolfsdottir",Legal
South America,Switch,132.178.194.88,45d38faba250f12e2aff728de7eab7c2,"Tremblay, Kulas and Hauck",Marketing
Africa,Access Point,131.235.5.251,e5c2f3a65b9fd51675c815743fb22a13,Mann and Sons,Services
Africa,Firewall,,bd772bf30c88ad3c7fccaa8d3568759d,Murazik LLC,Legal
South America,Firewall,245.162.8.101,4d80a90bf2979f6c25f1aa5f5eb041e3,"Hirthe, Will and Runte",Business Development
Europe,Switch,91.11.183.47,bf4e6080400cbfc733270e13ff378815,"Hammes, Bartell and Stark",Human Resources
Africa,Router,169.141.12.62,25610de1c86673f1f8f383c7f20eff19,Carter-Fay,Marketing
Africa,Switch,214.155.57.237,f02dbcd8282987d31e21028d6f533a03,Von-Spinka,Product Management
Asia,Router,6.168.13.10,e18d579eaea3c439a007aecc29bc2227,Flatley-Beahan,Support
Europe,Router,203.138.245.30,8eb4b3a89b48838a8a6e789a863ac859,Schneider-O'Connell,Business Development
Asia,Router,,fb86ca3d9486af1c2c2b00c2cb2faabb,"Walter, Pacocha and Haag",Sales
North America,Firewall,0.24.81.173,d0bc540569f53468c2d7f1c861d9cc16,Kessler-Barton,Training
Europe,Firewall,178.62.78.18,c7aa587b2cbc10f9fef06c25d83d64a2,Schmeler LLC,Legal
Asia,Firewall,28.64.65.245,7ed64c567d001b87bda0426121f6e526,Christiansen Inc,Accounting
South America,Router,5.137.111.105,26210fae53f474800752519fd4f3c541,Yundt LLC,Research and Development
North America,Router,117.231.87.158,ed607b9852fd364b21f410eb19f37b07,Bogan Inc,Research and Development
Asia,Access Point,160.204.27.238,39ce5738ca75f15fe75a5dce34b73bfe,Tremblay-Wisoky,Accounting
North America,Firewall,140.39.160.71,ce0ceedfe2607ba6a66b3ef4dfa4c543,Littel and Sons,Human Resources
Europe,Router,39.75.60.42,c4221a3c048d7c68a3e9cf8cdaae266e,"Buckridge, Haag and Abernathy",Product Management
South America,Switch,106.94.136.99,031820bd13cd9edaf09f38b097fb58f5,Ritchie Group,Support
Africa,Switch,57.6.50.153,abc2ba57a78ee17749b61f920c218705,Runte Group,Sales
Europe,Router,,4e79e646648f6a95563cc4b26b6f516c,Rippin and Sons,Services
North America,Switch,120.70.116.141,756bf5e863efa23323548c5cb62f9fba,"Stamm, Aufderhar and Dickens",Research and Development
South America,Router,35.249.110.28,5d893c3ffbab7cdd2468753118bf924d,Gibson-Ullrich,Services
North America,Access Point,89.239.26.59,e827b57fe40d03143ed162b36b4a2f2a,"Kuhic, Powlowski and Kuhic",Engineering
North America,Access Point,121.220.182.173,4f92451396582701baf61a8ce87c8545,Kassulke-Stanton,Business Development
Africa,Router,41.81.116.40,e537f4280766376a71d3af06915d7d6d,Gleason and Sons,Legal
Africa,Firewall,115.150.188.107,3dc54de228f07b66d13a25125a797c75,"Boehm, Purdy and Nader",Legal
Asia,Switch,194.140.97.105,2680c38f7a3e9263e1b9f741033ece08,Legros-Abshire,Research and Development
South America,Switch,126.170.34.86,2d69e7fb37a44e23c54d4541c5909289,Windler and Sons,Services
North America,Access Point,,9e0fe5ed3e3797f72022e1ad37545311,Stark Inc,Support
North America,Firewall,182.69.179.210,150348d2231ab7f0694c75bb98f0b16d,Wolff-Konopelski,Support
South America,Firewall,110.181.180.49,6974e3f2c78ac2286e366fec302550d5,Schaden-Heaney,Human Resources
South America,Router,176.78.62.87,731860eac9c7c3f4681e31abdadb4e9b,"Morissette, Ledner and Huels",Product Management
North America,Firewall,,c7ed4ef79405323b4cbcd60bc5c3f12a,Bosco LLC,Product Management
South America,Switch,118.144.132.232,7c316197356f0d1c5b7187c399fa9e78,Morar-Spencer,Legal
South America,Firewall,236.21.15.206,0390094de13772d2ebef6b8e8df58091,"Klocko, Wintheiser and Hegmann",Training
Asia,Switch,111.61.224.164,2cbb1b1842b104db64152a91d903ee54,Hackett Inc,Engineering
Europe,Firewall,,d35dad38a80a1eaea92e86d911b3fcd5,"Satterfield, Kertzmann and Strosin",Accounting
Europe,Access Point,,a7c5b6fb89cafb6ef0c35ae1d634a28c,Cremin-Fay,Support
North America,Switch,,5385f9ff3cc720798c0efecbe376665a,"Walter, Sauer and Abernathy",Research and Development
Europe,Access Point,169.245.91.16,19fe0214b8101d3029e45ffb98a8037f,O'Connell LLC,Support
Europe,Firewall,75.122.27.160,6db0f1a964b7db08ca76b419331f233c,"Murazik, Stamm and Barton",Human Resources
North America,Switch,55.177.20.125,8caf0cd591812a0f88399d5a02e16086,Ratke-Jast,Research and Development
Africa,Switch,,58812db41fd3cebb2d447bcbcf9197a9,"Greenfelder, Zboncak and Oberbrunner",Human Resources
South America,Firewall,247.188.154.236,c10cb1f001092fb5c25a584819e7797a,"Schmitt, Grady and Streich",Engineering
Europe,Router,68.191.249.73,46238d41d6009d2363e1893892f6c67f,"Purdy, Flatley and Bins",Product Management
Asia,Access Point,109.104.17.181,13126ecdd99fdb929bbb549f393bc95d,Gislason and Sons,Business Development
Asia,Access Point,255.69.33.45,884aec7cdfc6fe298b632b7ac2a1a7ae,Kirlin and Sons,Accounting
Europe,Access Point,113.7.133.216,635003c7c97ddd125d43d043d9a7239e,"Runte, Dickens and Lind",Support
South America,Router,246.205.110.129,f24e766b37c23b8cb2664dc63f792bc7,"Beatty, Gerhold and Abbott",Legal
South America,Switch,,13e3cbe0725a12c7173ae325c907cb42,"Beer, Upton and Hahn",Product Management
North America,Switch,48.6.154.147,88c93dc6bf77697dbc71cdd23367ce4a,Effertz Inc,Research and Development
Asia,Access Point,,84d2a4342d7ba90e71c5719217f780c8,"Terry, Jaskolski and Pfannerstill",Research and Development
South America,Firewall,,25694d8045ffff5a4b066bf11e259424,Stamm Inc,Legal
North America,Router,98.167.81.84,9878d3cf2f69e92cb3d18b092890e204,Jenkins and Sons,Training
Asia,Access Point,,a625feaab3769db2e0d09b5993a39afa,Sipes-Cronin,Product Management
Asia,Router,207.193.25.169,21e37cbeae73ed605c2cece505a7f772,Pouros-Dooley,Training
South America,Switch,180.218.11.217,6fa6dc3257951f8664b2bb8f01fa7322,Feeney-Osinski,Services
North America,Firewall,117.81.110.250,e2e3c246e43a900ead4a93ecacded3ce,Rosenbaum-Stiedemann,Legal
Europe,Access Point,80.179.222.58,122d1bbd8372a5bb374e9dd4d6eb77c7,"Trantow, Lehner and Stark",Product Management
Africa,Router,48.76.174.24,840a002b8e99f9dd3f7f36d6e234c8b2,"Keebler, Christiansen and Champlin",Support
Africa,Router,191.145.182.161,484690ee2abc5891e29aab05e0b6701a,Harris-Boyle,Engineering
Asia,Switch,198.13.67.113,af406fa73ea26f343b380f0e5675d939,Hessel-Gerlach,Human Resources
South America,Firewall,111.112.143.202,bc2214eae91447cbb3f3747b200407d0,"Lynch, Ferry and Krajcik",Legal
Asia,Switch,8.69.238.155,007f6068b63de1b6c4a5bee980360cca,Olson and Sons,Human Resources
Asia,Switch,150.219.5.81,e8f257605fd51a4ea28e599b6f8c9250,"Grimes, Langworth and Torp",Support
North America,Firewall,6.124.254.23,069d2d8a674bdf2dba6c4c30c4eb1e6d,Dibbert-Gibson,Sales
Europe,Router,184.18.189.194,db543f3e13009e7489576056ab8e646c,Bashirian LLC,Product Management
Asia,Switch,243.239.248.63,e3eeba32e8c971505c4da2875f3ab01f,Kreiger Group,Human Resources
South America,Firewall,179.122.166.198,1771fc429200421bc37c46f6f871fea9,Farrell Group,Legal
North America,Switch,178.99.133.96,d4d392185bd99130c3d6e21806002ff8,"Dibbert, Casper and Daugherty",Engineering
Europe,Router,,c7787b12a40ba49cd3bf7ae601d686cc,Greenfelder-Schiller,Product Management
North America,Router,132.144.111.165,855196fc960a7584987a86b56f58dee5,"Russel, Batz and Beahan",Training
Africa,Access Point,,f155ccc5562ccc344f0c27f4b95cb75e,Zieme and Sons,Services
Asia,Router,56.148.42.149,0e5cbfe2269d1b7bf0797d064fcc1a03,"Conroy, Bartell and Beer",Support
Asia,Access Point,23.36.17.243,dd0dbb5799d46b8ed3f5f1560012b8f9,"Rolfson, Waters and Batz",Training
Asia,Switch,100.223.91.79,ffd199b9e429587535a38dffbe96ef41,"Runte, Conn and Kuvalis",Training
Europe,Firewall,233.111.183.39,e67d6d6cb918c61e68cd89f544321e6d,"Windler, Langworth and Brakus",Training
North America,Access Point,224.141.169.220,a25f3a89e974d021f17648f1c62358b0,Zboncak-Kautzer,Engineering
Asia,Router,186.39.218.69,e98524d4b0649d8bfbb1b41255adbfa6,"Conroy, Dickinson and Gusikowski",Services
Europe,Router,52.253.171.97,08ee9a50c80b03a769898355812e8f43,Ortiz and Sons,Business Development
North America,Firewall,231.160.152.91,c3bcf729748b7e2a398fdba29c442bf0,"McClure, Denesik and Borer",Training
Asia,Firewall,88.150.73.193,5356296e5859584d1a6a4ffe773c1034,"Aufderhar, Kassulke and Zieme",Engineering
Africa,Router,47.40.59.208,143c0219bc440bad9cb1ec564c6875d9,Mayert LLC,Legal
Asia,Switch,93.129.188.135,eac77095bbbad153705c23c1d45b8b6a,Kihn and Sons,Support
Asia,Access Point,202.69.178.214,a47e79d1c568bf5a38aabec40a31818d,"Powlowski, Gutkowski and Feest",Research and Development
North America,Access Point,99.166.72.6,92e7784498b417277b14b529eedcfa9a,"Sipes, Will and Bernier",Support
Europe,Firewall,111.164.74.253,c7956cf8ba64897b9e78e781c7e4a29f,Wilkinson Inc,Training
South America,Switch,212.53.81.79,f6366ded74e4debdf31d6302d2d1415e,"Towne, Cassin and Fay",Engineering
South America,Router,101.219.203.116,efb1da5cf2ce80139f6c850d958ae7ba,"Miller, Bradtke and Kemmer",Human Resources
South America,Router,221.154.248.215,91acd4494005c8f46f938fb59c81da53,Hyatt LLC,Research and Development
South America,Firewall,38.255.211.100,9d1e0006f5b70ec92e94de4a36368453,Langosh Group,Marketing
Europe,Router,57.111.132.235,4cfb4179d177b0606f859ac7695b0c84,West and Sons,Marketing
North America,Router,104.79.212.77,9751fc25cee2880d5faba71734cfe5df,"Hilll, Stroman and Treutel",Product Management
Europe,Access Point,45.137.110.55,01a4dd6f5905563fba541471d330a67b,Fay LLC,Accounting
Asia,Firewall,255.200.60.6,d5bef1d4e9b5f7798ef0504be59e1cb1,Feeney-Pollich,Training
Africa,Router,7.63.18.207,17a782444e73ad6f4617a45c1079456b,Wuckert-Beahan,Support
South America,Firewall,1.149.14.237,84d2914e598cdf1289445b8270fcea11,Torp-Mohr,Sales
Europe,Router,125.60.84.16,93d5a32d379c5b799ba6937490e04522,"Haley, Cremin and Ferry",Support
North America,Access Point,105.165.210.145,12db242720e7474790eccbbe85e46232,Stanton-Quigley,Research and Development
South America,Access Point,170.99.155.147,6deff14a52acfc1fa101ab98ba8fb620,"Schoen, Denesik and White",Legal
Europe,Router,232.42.238.61,a2d561304914fcb5a60ccb2daabf7a6b,"Ziemann, Herzog and McLaughlin",Research and Development
North America,Firewall,223.123.114.139,d7a86dd8f24e493d1b4527d82db76b39,Runte LLC,Product Management
North America,Firewall,120.198.56.101,77c41c64819ba4943ce1f083c7a3b910,Schultz Inc,Engineering
Africa,Access Point,51.236.219.174,f1163d42b599bccd18eb3afe4f407cd3,Hansen-Jast,Research and Development
Europe,Firewall,63.236.56.188,0ecf306e09718f598c4715e205227c38,"Durgan, D'Amore and Breitenberg",Human Resources
South America,Router,,0c833b9da41e31d9ef1aaa2c07185268,"Ullrich, Gorczany and Borer",Engineering
Asia,Router,74.185.188.52,4d4fa64e7fe074902417849b2902e670,Cartwright Inc,Human Resources
Europe,Access Point,,7275951d306802b80b625d014c7f62aa,"Watsica, Predovic and Bartoletti",Training
South America,Router,160.233.112.91,1ee821830bd2b7a74dab395b114bdebf,"Bartoletti, Farrell and Hickle",Business Development
North America,Switch,163.244.136.229,70f698f3312127d20af677e1316afa0b,Ernser LLC,Legal
Europe,Switch,208.241.58.20,ddbcba05e4c3044de0cfcb53cf5b873b,"Ullrich, Runolfsson and Reichert",Support
Africa,Router,1.196.136.242,bd4bb5e21f7406fed7bd252aadba9a8a,Hilll-Cronin,Training
Asia,Access Point,,527e4afb688cf68be81c6ebb5bc0b9de,"Lebsack, Jacobi and Pouros",Legal
North America,Firewall,,63fbe6a716429249af9954b25741fe88,Kuhic-Lowe,Engineering
Africa,Switch,116.47.138.121,1867d0cd8972f4a89d8bc0c1b1ede73e,Heller-Heller,Legal
North America,Router,170.111.213.235,93f5b7c28243f470a219027f4fbae330,"Sporer, Hermiston and Bradtke",Research and Development
South America,Access Point,164.140.22.239,9286e2f526d2a3c3091e615d8ba5f0e4,Will LLC,Legal
Europe,Firewall,15.252.18.92,c7d09b25cebb6954969e3a1676d3914c,"Nikolaus, Gislason and Moen",Product Management
North America,Router,194.54.54.232,87a8cbe51ba83344c346464293f5739b,Durgan-Waters,Accounting
Europe,Switch,181.139.206.98,4ebac385499d92f0bb54a9072b3f2728,"Gutmann, Leuschke and Stark",Engineering
Europe,Access Point,10.217.218.1,1d04492ad052893e382813d560f369e7,Gerlach LLC,Research and Development
Asia,Router,244.184.75.0,8830cfde345622b4fe8c51d6e7d6d60f,Harris-Toy,Support
Asia,Switch,19.153.239.193,2676371059d51bfe816996558d9adf68,Hansen-Conroy,Support
North America,Firewall,20.252.134.0,4200c34742cd8d486c6d0e8d054e2e37,Hammes LLC,Accounting
Europe,Firewall,178.180.32.18,6804c4224b8e68f349d47ba754752a06,"Kuhn, Bartell and Russel",Sales
Africa,Router,30.113.134.168,6bd6a70a0e6fd0649a386b4d0c9788a1,Bahringer-Keeling,Human Resources
Africa,Switch,72.9.186.201,9f92928e4c92a35d32765746a16b256d,"O'Connell, Huel and Kiehn",Engineering
Asia,Router,202.165.148.75,1e720c51c833206440fd531f48a4c393,Vandervort-Monahan,Product Management
North America,Access Point,161.212.98.132,21406913e9dd38d9a5475c6f9e3a0b25,"Muller, Gibson and Littel",Services
Europe,Switch,,8b75a542095eabd9d1fbe070045dc74f,Anderson-McDermott,Support
South America,Access Point,182.53.38.111,3156165f15c0167aa3e7fd9636235a7a,"Ferry, Lind and Tromp",Business Development
Asia,Switch,,bcf1dc3b40e4e4f03d46cceeb5d6aad7,"Gleichner, Hills and Hilpert",Sales
Asia,Switch,31.114.119.135,5d626c57a887ef3e10d5d03b45846c26,"Grimes, Mann and Price",Support
North America,Router,242.82.215.35,396968c73dfc3feddabe41a411b30629,"Lindgren, Quitzon and Mayert",Support
South America,Firewall,143.101.141.36,92a4f5fa0a4c886259911abb0f59a773,"Reichel, Fisher and Johnson",Support
North America,Router,,895874f6d9db7fc32b19bfe9f0e2dd7e,"Stamm, Boyer and Nicolas",Support
Europe,Router,126.246.97.250,40a5ea047b745a545d3329eb6dd8a27d,"Dooley, Dibbert and Lubowitz",Services
Europe,Access Point,151.143.196.245,47b8fd0bbd3d6bfc64b15a1de67a2dc4,Morissette-Jast,Sales
Asia,Switch,,d13876886bcfb92d22a06ab7c9b26d88,Reichert-Harris,Human Resources
Asia,Firewall,120.247.159.193,7739735d57c634cfc8eeef7c26a3d323,"Kub, Johns and Thompson",Research and Development
Africa,Switch,80.128.97.27,665f39dcdd259e8a90712d0fab67edf3,Corkery-Breitenberg,Business Development
Asia,Switch,79.6.36.3,5069020302e770fccad6b3b9ae228941,Schroeder LLC,Business Development
Africa,Firewall,121.60.107.145,8a3feca96d316772143272dbbd46c600,Bednar Inc,Product Management
Africa,Firewall,252.51.43.131,814fd64a5ae0deec327559d609fbdf13,Tromp-Kerluke,Training
South America,Firewall,,233216b9c257e208d311bc54ecf11ab4,Koepp and Sons,Sales
North America,Access Point,7.206.129.45,dbe0c3525aa3a018a63a63061be2095c,Harvey-Parker,Product Management
Africa,Firewall,110.3.173.80,29791414075a348c4538d4ca2f8e71fe,"Kuvalis, Bogan and Ziemann",Sales
North America,Router,22.25.65.134,9b3797a6bd9601d1733eabc564489f97,Parisian Group,Marketing
Europe,Access Point,,e841cc8fd87cefb258553c3f6bbfe5aa,"Block, Leffler and Beahan",Services
North America,Access Point,150.196.126.115,3441b7c6c6d0ebb036d3b72ab694603b,Douglas Inc,Product Management
Europe,Access Point,12.6.241.91,0ff760ec52c19797d8135897005790fa,Stark-Jacobson,Product Management
Asia,Router,31.91.115.51,3ec81ff5a8b87ecc34db39b1bb365c51,Nienow-Zieme,Business Development
North America,Router,91.230.52.121,69fae14205ac1fd73fed1bac7a0205fd,Toy-Rogahn,Services
South America,Router,37.197.95.51,23c32bccb9f115bdcec04ed0ba67ddd2,Steuber Group,Accounting
South America,Firewall,176.200.75.13,e8316d10edc542de9b6be29de5fcb6a7,"Herzog, Becker and Dicki",Legal
North America,Access Point,,297d276d92ffb98c465ada261351ee6e,Veum-Mohr,Accounting
Asia,Router,201.113.35.204,9993f0ff48cf455a8fa4714a45916988,Larkin-Ward,Engineering
Africa,Switch,218.119.54.50,6d495b07d4cf47e1624572350078fed2,Johnson-Hudson,Engineering
South America,Access Point,28.57.163.127,a0da39af819997acfb1c75e5e83dee6b,Morissette and Sons,Support
South America,Switch,122.176.184.27,dd95a5de7cd5390430d3f2df5c1f9dbf,Rutherford-Strosin,Business Development
Africa,Router,168.226.46.156,cf8a8c6061baaf5d99c2a5a2fc3aa925,"Stracke, Jast and Medhurst",Legal
Europe,Router,169.223.146.54,edfe29b726e95abee4bf7a2151373dce,Bauch-Kessler,Services
Asia,Switch,103.49.100.234,7cfaf7385993db05fa64503f15614247,"Witting, Stamm and Labadie",Business Development
North America,Access Point,129.110.213.223,13ab015f1570e121c40eeed81d0f30d9,Stoltenberg Inc,Services
South America,Access Point,,07b85222ad9d96c377bbb9580c73dab0,King and Sons,Sales
Europe,Firewall,26.118.156.175,83b143073bb9e038d25b5c0b4973751c,Considine and Sons,Engineering
North America,Firewall,96.217.34.222,7b86597018f3fbcba232eed5ab32c921,"Roberts, Brakus and Ruecker",Product Management
Asia,Access Point,116.134.150.39,a54251afc7f0fa0a36c0be165cd59b4e,Weissnat LLC,Support
Asia,Firewall,33.218.76.9,7d158f39ba70d1248142670873dc551a,"Wyman, O'Hara and Beer",Product Management
South America,Switch,158.41.243.147,bcc4d02d7c98310e53a7e44fb8e836ba,Hegmann-Kulas,Business Development
Europe,Switch,,91f2e6c4261749f52c0a27b2abe93db4,"Price, Veum and Rau",Training
Europe,Router,189.161.225.64,c69701586fb8cf6e24738941c1a32120,Rutherford LLC,Legal
North America,Switch,139.22.131.162,9b0a661c60e2f18339c902d0c2d48495,Heaney and Sons,Business Development
South America,Router,166.156.36.222,dde1669274302f0967c0d1017586c3cb,Ondricka and Sons,Research and Development
North America,Firewall,119.196.138.150,fd2e28de26e9d230b6d73fe5c2a4ffe6,Welch-Murphy,Research and Development
Africa,Firewall,71.98.245.192,5d71c86560a5923531010cefdb21fb2a,"Mayert, Kutch and Osinski",Human Resources
North America,Firewall,201.11.4.218,c0d14eeda63cf19431d79f1bd1b1ff06,"Muller, Stamm and Kreiger",Training
Asia,Access Point,,d6028046dad1ec7ea43f5ed4767131b4,Hauck-Mosciski,Marketing
Europe,Firewall,135.14.208.180,3da3e73c2a18bbdbb50e6316fcf5062d,Daniel Inc,Marketing
Europe,Firewall,196.64.122.176,b94e94b930f7168b15aaf06313a4fedb,Hyatt Inc,Engineering
Europe,Firewall,133.62.109.233,b4993ac2c75288690bb1b634791f1b5b,Weissnat-Jenkins,Legal
North America,Router,10.146.140.155,01afda47a2b4d6c4854184c3328aab48,"Beahan, Ebert and Kautzer",Training
South America,Router,,f01742fa363cd993c276bce382304e72,Botsford-Farrell,Marketing
Africa,Firewall,215.210.172.115,f93c20e32bf1610ae359e4d88b4f4f4e,"Marquardt, Wolff and Beatty",Marketing
Asia,Switch,141.88.79.255,4b6292919cd3f6a03f9b3dff25877207,Satterfield LLC,Sales
South America,Router,,08245aa428f1e19485f53c80df71c3b1,"Hessel, Berge and Bins",Marketing
South America,Access Point,,c4349d2af8afa72601002979c04550d3,"Mueller, Cormier and Reinger",Business Development
South America,Switch,153.172.28.195,5ae8b2213d428b915a14272f74a63849,Dare-Gottlieb,Business Development
Europe,Switch,190.61.159.107,3319f237d6224a180a4dafc281ed2d22,Mertz-Lubowitz,Research and Development
Africa,Access Point,,4012ccfc875c1bac9200a8961b1d3a75,"Fadel, MacGyver and Breitenberg",Sales
South America,Router,77.155.121.155,45d1773c1db806cfe91cafebd16fb79b,"Aufderhar, Borer and Kohler",Engineering
Africa,Access Point,,ef43b2097c98bd46a6f49e3ca321840c,King-Blick,Training
Africa,Router,128.73.215.27,0dc76a610e2fe6294aa435e08c021a8c,Marquardt LLC,Marketing
South America,Firewall,18.50.114.240,dee20c79849af483b5492feb4ad5e0c8,"Erdman, Waelchi and Schmeler",Accounting
Asia,Switch,13.31.178.199,7e0e4b0e6bdb337fe9da4823bdd22c6a,"Carroll, Feeney and Torphy",Human Resources
Africa,Router,145.160.48.123,eafd3cf81c86159c9bbcdf36577b20a5,"Bednar, Windler and Kihn",Accounting
Asia,Router,45.137.60.43,57aace4b71cc49c9b1ec549f18cf689b,West-Bogisich,Accounting
South America,Firewall,217.80.17.229,99df75d8fede1d60ae1a4499c37df465,Turcotte-Adams,Sales
North America,Switch,,6de53b9801e8fb60ca97ac8336c2280d,Keeling-Buckridge,Marketing
Africa,Firewall,231.27.174.235,17627a2301a5bd663207ceaef7a2587f,Ernser-Kunde,Training
South America,Router,24.249.2.129,b7942a72d22cf56d8f94cf334a98d09d,Shanahan LLC,Marketing
Africa,Router,45.84.66.236,67b61d8e2c4062e75304fe46851d55bb,Jast LLC,Training
South America,Router,59.56.141.186,5d1591e54636a8fe5bf46a8944bf1764,"Smith, Schulist and Reinger",Support
Africa,Switch,247.210.10.156,10a3cd0afd45e4b6fa05a44605a30298,Klocko-Weimann,Business Development
South America,Access Point,61.220.243.236,b721167d72946468153b52f57ed314e9,"Kozey, Lueilwitz and Jones",Research and Development
North America,Access Point,83.207.228.150,c69d2c1e385a17740615866a1bcc2aab,Gislason and Sons,Accounting
North America,Router,107.221.109.175,12cf8b2e494841a201107bf9a2c7eae8,Erdman Inc,Legal
Africa,Switch,226.214.197.184,b6f8d359eb1a14a5d21699209e07bfb2,Hamill-Denesik,Research and Development
Asia,Router,210.82.222.215,4a5c7355d6d3f5f210bd2c52fa0919e2,Towne-Lebsack,Support
Africa,Access Point,,61ddbd20e0413dae4851197d43c29e86,Blick and Sons,Human Resources
Africa,Switch,,a21dc488e35615a89c7d142c9f5611b6,"Tremblay, Nolan and Wilkinson",Support
Asia,Router,193.246.82.59,4f8a1febd2d05497e981cc185013fe1e,McKenzie Group,Services
Europe,Access Point,45.131.14.148,f1ffb64be6b20c6e8456aa8069e2a56e,Hagenes-Abshire,Training
Asia,Router,131.72.232.136,b2ac094987fb408392559070492d2d9b,Medhurst LLC,Support
South America,Router,15.249.152.179,b6c4c8092c1aaa65c7b6f6ee7a802649,"Hoppe, Hayes and Hayes",Human Resources
South America,Router,,9680b8f6aa1d3c586ef9eda74bb0f6a1,Wuckert-Witting,Engineering
South America,Router,82.69.205.128,04172a2b829bfa5849b039f2aa100936,Frami and Sons,Legal
South America,Firewall,190.213.232.156,698625a4af9e39c0cd8f66f77b44628b,Kemmer Inc,Human Resources
Asia,Firewall,37.243.245.49,a7e1bb086e5581be436cba49d0960085,Jerde-Schinner,Support
Africa,Firewall,,b5bf58a5db191826190455f9834f0b61,"Torp, Fritsch and Mraz",Product Management
Europe,Firewall,191.221.57.219,bc29861dc2de853ca336db298a9df2f4,Smitham Inc,Sales
Asia,Access Point,248.229.254.148,2c79c97c3529f145576bab8abc5cc485,Leannon-Franecki,Services
South America,Access Point,96.75.64.43,d0660799d77087f0911dac93f7731f6b,Price-Hills,Legal
Africa,Access Point,237.145.168.254,9fa1eb05c8b7506eaa8b310f5186b432,Botsford LLC,Product Management
North America,Switch,75.180.64.150,491a65ad87922e2c1e54e3631bbbdca6,Paucek Group,Marketing
North America,Router,,f8acc045837795904008531f55befe40,"DuBuque, D'Amore and Harris",Accounting
Europe,Firewall,30.253.168.77,5409a3ad34638b1067f7152b11ac62b3,Mayert Inc,Engineering
Africa,Firewall,136.215.49.93,6e80ed08b38fcc215a879df5dd5c6bf6,Baumbach-Botsford,Engineering
Europe,Access Point,67.123.173.19,fabd16e73ac9627c9763db37ae9ba096,Turcotte Group,Engineering
Africa,Access Point,164.139.111.73,fffd1096e961e7e2a8d4a8b9d4b943fd,Harber-Von,Engineering
Asia,Access Point,172.126.91.96,62ae507971f0d1f83fb85cb071a6e2ad,"Green, Gleason and Upton",Product Management
Asia,Switch,167.1.120.153,05bb4ce4703ccda2e0aea6f0d334698f,Swift Inc,Services
Africa,Access Point,29.183.46.240,c891fbbf264a5e0026e48fc1a598765b,Jacobson-Koelpin,Training
South America,Firewall,44.138.59.119,e9f7c45ea1783c5eba74f687e2a5ca03,Kassulke Group,Services
Europe,Switch,86.62.198.47,bac7e712822ab054569eed789b17ef1d,Torphy LLC,Engineering
Asia,Access Point,169.31.25.163,3e1e2317ceff10d45b73f70f160dde62,Lemke-Williamson,Support
South America,Switch,68.177.150.77,4a5af5b29ef6046b919e670a4454a10b,Homenick and Sons,Marketing
Asia,Router,,b369bce41e8112bec984a45d10b760c2,Wisozk-Barrows,Research and Development
Europe,Access Point,198.132.31.64,ca6601176e5d7c4c2f98da01fdda4811,"Corkery, Lueilwitz and Kling",Product Management
Europe,Switch,215.100.217.118,642dcbf858d3584fbe2b7973e41c0abe,O'Hara-Batz,Research and Development
North America,Access Point,,426e0ed4288366568b823782a5969472,Swift-Farrell,Business Development
Asia,Router,170.35.235.214,c13d3d2dd86e122fb6e68ea99e8358b0,Breitenberg-Lynch,Accounting
North America,Switch,,90e22b364bccd26c2566f7ac1e1228c2,"Marvin, Stokes and Ritchie",Engineering
South America,Firewall,204.202.198.5,bbc8108e972caa822f29899b501e14a6,Labadie-Collins,Engineering
Europe,Router,72.176.48.71,2d754005a3fb0d40172334d5474691ab,Emard-Zemlak,Business Development
Africa,Router,42.199.161.115,5d0d636e8fa5533f83547b7c183bf67a,Stehr Group,Marketing
Africa,Firewall,,65d6d8e74720f7d726959e4afd4434f6,Abbott-Labadie,Marketing
Africa,Switch,142.149.166.60,50731467b52c689368fd4663c08c54d0,"Thiel, Schaden and Tillman",Human Resources
North America,Firewall,,7b83b98c90d09e4d1a47be6c28c591f6,Wiegand-Kilback,Human Resources
South America,Firewall,134.45.103.128,c4a12d1d16ac75e966dba81b24a9d22c,Kemmer-Mosciski,Research and Development
Africa,Firewall,78.148.184.125,500707311fcaa9e8d117226c0105b9eb,Carroll-Wuckert,Services
Asia,Router,28.107.251.253,a05d7cf45885694e758d77b4f76fd00b,Crist-Hagenes,Human Resources
North America,Access Point,173.116.10.27,81d8f3c80eeebf444b3dc61895e000ad,Schuppe-Schoen,Product Management
North America,Access Point,154.117.156.42,bb2e96e367ea5263335730ab934ba255,"Jones, Hackett and Ruecker",Services
Africa,Router,,f730accc9a8b889a3a3159aa1194b01b,"Hyatt, Kertzmann and Mertz",Legal
Africa,Switch,135.253.220.238,7e24831855c97f121d3530bdf6d624a4,"Cremin, Sauer and Wuckert",Business Development
North America,Access Point,14.41.158.53,33e802061f663c01a2f703264869e993,Cronin-Braun,Business Development
Africa,Switch,65.2.99.144,db0a64cbeb13a0a094ae731cdcace6d5,"Fahey, Moore and Carroll",Business Development
Europe,Router,,4f933bf8778d81181815f9598502c3c3,"Auer, Mueller and O'Keefe",Services
Asia,Access Point,85.246.214.11,f53c1fdc1ab7b7c62cabf41c9b962faf,"Skiles, Von and Thompson",Services
North America,Access Point,191.196.11.151,319c5d571b6350d528846873ed3ed0a1,"Macejkovic, Leuschke and Dibbert",Support
Europe,Access Point,13.172.75.160,ba46df2c6bd6f22478b6d5591b60526b,"Carter, Prosacco and Hayes",Services
Europe,Access Point,241.189.136.41,11b66184c4e40c8715c83d78bbf6b9ad,"Bins, Bode and Wolff",Product Management
Europe,Access Point,31.198.219.1,4013972908b81d9812c148dbc7a4d407,Graham-Stanton,Marketing
Africa,Switch,,72c99fdb8142302a70a6e355aca10e48,"Halvorson, Leuschke and Cole",Support
North America,Switch,,84cc38388dd90641a219ac89f32501f5,Rutherford and Sons,Business Development
Asia,Firewall,60.225.222.6,b5e818260b581acf245e32386bb30a62,"Funk, Hills and O'Reilly",Sales
North America,Switch,19.247.107.228,2bced8d55787f8712f427bb876b0beae,"Sporer, Johns and Little",Research and Development
Asia,Firewall,218.180.130.153,453c87c532e63455da972d713dd3e3f3,Kunde Inc,Training
Asia,Firewall,136.187.52.230,9f4fc15a12b984e068f01b7c637aba27,Fadel-Rolfson,Support
Africa,Access Point,139.9.71.204,79228428fd0a8416b459a42eb4479d2f,"Torp, Parker and D'Amore",Support
Europe,Firewall,14.115.207.179,6f20b0be9be7233f101ed54288296e15,"Cruickshank, Bogisich and Towne",Training
North America,Switch,95.195.14.69,eb8061e916ddf80a17486c56f5215171,Cartwright Group,Research and Development
South America,Router,142.88.200.42,a6aac5e9ae1e34db3ee84433577fecbd,Feeney and Sons,Engineering
Europe,Switch,63.191.97.168,ef99326e4c8e1e6137e2c8ba00ee3d9d,"Corkery, Kuphal and Maggio",Engineering
North America,Access Point,245.98.189.83,881f7efbbc2e6f762d7b327a8d60413f,Becker LLC,Product Management
Africa,Router,40.169.252.243,547234d87abb7ba05191ed466fd05c97,Legros Group,Human Resources
Africa,Firewall,197.223.146.178,4302c893161c59b96a2523dbd2620362,"Aufderhar, Fay and Lemke",Engineering
Africa,Firewall,201.100.133.5,4680033f15f310a649fe2d225f2d87e8,White-Stroman,Support
Asia,Switch,,ac419d6f632ac269de92967b0fc2ca74,Howell and Sons,Human Resources
North America,Router,,665094588bdf5867565e8217f150a675,Moen-Pfeffer,Business Development
North America,Switch,,b5f9fd393e8440fa134ee22ff9155cab,Zulauf-Christiansen,Accounting
North America,Switch,199.41.225.56,16b2d35f7641dec7045c5ef385710a88,Sawayn-Hartmann,Human Resources
South America,Access Point,237.136.170.222,d66a09c9ffcb0c96116bcdfe357dfff0,Connelly Inc,Training
Africa,Access Point,,68dedbf73faefd271c4c4793f89fd71a,Gleason-Wolff,Legal
South America,Switch,160.234.238.53,c426f25524c31081abebd00c5a7821e5,Koss-Schmidt,Services
Asia,Firewall,17.191.153.234,9f5fb179cd4d2a40d199b45eff456d2e,Wuckert-Rutherford,Legal
Africa,Switch,70.201.46.125,963ba73e27f80af5661076838f9b20ab,"Gutmann, Runolfsson and Parker",Business Development
Europe,Router,117.53.167.64,f2b8a61a8c115ec2de88e1e2f6b49ab7,"Zieme, Kihn and Lakin",Product Management
Europe,Router,114.202.157.30,2375c56557622932ff91aab5d4bffce8,Heller LLC,Services
Africa,Firewall,214.117.251.27,fceb073e9d0c326399cd25f456915178,Frami Inc,Accounting
Europe,Router,238.60.236.178,f382be25c0d1f161c2059e89d9f95ab4,Stracke LLC,Legal
South America,Router,,a2e568b365743da531602cbe716a03c9,Gottlieb-Rempel,Services
Europe,Switch,,29212bbc6a14886863d7496cfadba6fa,"Kuhic, Schimmel and Dicki",Marketing
South America,Switch,51.148.86.74,3263fbe28f9970c008ae468aef164219,Walsh Inc,Research and Development
South America,Switch,157.62.52.70,4224cd51f73a1bbd657d4c523767c818,"Keebler, Nitzsche and Beier",Sales
Europe,Firewall,128.141.251.208,985ed6b4b9c889f919b641ee2770def1,Graham-Berge,Services
Africa,Switch,147.64.108.79,9d3bcc5f0f0e7e21a52f0a5f426c8314,Moen and Sons,Sales
South America,Access Point,95.63.183.232,a2d7a226fc0ceb566f255ab8882875fc,"Skiles, Bins and Mitchell",Sales
Africa,Access Point,233.170.12.227,e35879cdb6932752e01e40979dff3eb5,Mann LLC,Services
Africa,Firewall,126.164.105.169,5d8f6119d45bd3884aa7e96fd82e9b4c,Halvorson-Reynolds,Sales
Asia,Access Point,,396571676d593e3b3489830062ba1bad,Hahn LLC,Support
Africa,Router,94.108.135.159,5b06547da05900e0949d1c43870deee1,McClure-Hauck,Support
Africa,Switch,140.172.205.139,194d18a5a5f91ef2ee5c77535e8767f4,"Wyman, Ryan and Howell",Human Resources
South America,Access Point,148.7.168.98,5425b9ce2ee0527175451813d30cd6fe,"Will, Doyle and O'Kon",Human Resources
Asia,Router,41.204.178.76,4b6981b72d27922acf598a2fe2f25c82,Quitzon and Sons,Product Management
Asia,Router,,b387bb8ac37df9468ad7192a13396353,"Dooley, Botsford and Dickens",Marketing
North America,Router,,e0805ef52a22871ad318a9aa4597fb79,Blanda-Steuber,Product Management
South America,Firewall,154.29.31.5,f452de755d2d4018113b34dcb8d31724,O'Reilly-Beatty,Human Resources
Asia,Router,,1f1099aa4f1586ed6b77bf8919e381c9,"Stroman, Aufderhar and Yost",Product Management
North America,Switch,189.218.16.86,473543a3c1531f8fc034fb9a05346541,Hettinger-Sipes,Research and Development
Africa,Router,240.58.135.145,cb2ef431021db26e8c8d6acc7e727684,"Bartoletti, Price and Treutel",Research and Development
North America,Access Point,51.9.179.184,abb3891fc01f2442d7ea5d78e3b8fe40,Schroeder Inc,Product Management
Asia,Firewall,92.193.236.60,f345caa97a95f8ee9090cf1a5f314564,"Gulgowski, Hyatt and Dicki",Support
Europe,Router,253.29.179.68,ade283b007ebbd29939447840745ff4a,Sanford-Krajcik,Services
North America,Access Point,,6ed67740ac5323595ee16b35162c95d6,"Homenick, Hirthe and Barrows",Product Management
Europe,Firewall,130.114.156.128,da29a2b1d16b731a70c8c09c95ce71f1,Kiehn-Wolf,Human Resources
South America,Router,101.86.240.103,48cce5ee86e7bc866b2ca8f4e4c5c3e8,Satterfield-Cummings,Accounting
North America,Switch,164.91.215.212,51c9175508dd474ac02e324b20ebcfe0,Cummings-Waelchi,Marketing
Europe,Router,157.220.34.203,4f453f1daef46f55253c30b7ffb230ac,Bailey-Marvin,Support
Europe,Access Point,126.143.196.168,4e6b70caa7372ebb63cae1f2c1dc90b9,"Jones, Heller and Fritsch",Legal
North America,Router,13.228.241.246,1819946fde78704b4d19938f70bf06e0,Gottlieb-Murray,Product Management
North America,Firewall,38.222.174.220,53fe9f7ab0ffda9633faa87e13c981f9,Macejkovic-Fadel,Sales
Europe,Switch,225.5.195.175,a3d750480d66e93851ad3fea95549790,"Kunze, Auer and Ernser",Support
South America,Router,,81f25a9e9453341e1fa5281e8ca71e23,Sanford and Sons,Product Management
North America,Router,178.90.219.226,b93fb338783ec077846701bed059cd8e,"Bartell, Wilkinson and Bergstrom",Product Management
South America,Access Point,132.157.157.150,c132a80a7b312bff84439a0c98305eca,"DuBuque, Hickle and Carter",Training
Africa,Firewall,84.148.30.21,571a807aa6aacd093a84a5a3802c80ea,"Jerde, Heidenreich and Nader",Sales
North America,Switch,,a1f4de0b0d72b44a26168444bf13eda4,Runolfsson and Sons,Business Development
South America,Switch,174.211.15.51,ac695e3099396aa3762a60d21f2fdd4f,"Rutherford, Rowe and Cruickshank",Research and Development
Africa,Firewall,,ab40a7a32e02dc05a4a9650edc5de34b,Treutel-Kshlerin,Product Management
Africa,Switch,,0aebabfcfda9bd85b0dc4607194a6059,Bins Group,Engineering
Europe,Router,,e9a73b90059cea657a69380602e20200,Wisoky and Sons,Support
Asia,Switch,39.111.250.111,f48abaa98977cd199bac5856d479e436,"Schroeder, Rosenbaum and Wisozk",Legal
South America,Switch,,6df056a8b806f3847465cd44b0ebc27f,"Pollich, Kuhlman and D'Amore",Sales
Europe,Access Point,,b4d418297f9bd5f1edecfac7fc7d62ee,Jakubowski Inc,Marketing
South America,Switch,232.227.64.18,2ee54bd537448a2c96e877715b271c1d,"Cole, Hirthe and Ward",Marketing
Asia,Switch,,68e24ee4aa7a87bad4c44962b89f32ce,Mosciski-Luettgen,Business Development
North America,Access Point,244.137.28.250,80c6601e56a3e5251a20c4b63bfd22d9,Mertz Group,Legal
Asia,Access Point,,c7215025d84b54f7cdcdd75932b88e5c,Hills LLC,Product Management
North America,Firewall,255.157.11.225,4805b9bd7990c84561c142ff7b68fc80,Ratke-Medhurst,Human Resources
Asia,Firewall,10.98.166.139,8980f6d26b6bc5860b8970008e53fd81,Nitzsche-Maggio,Product Management
Africa,Switch,47.47.211.30,baf3db7c733d0a81adafff7d5def5eea,Ebert-Goodwin,Sales
Africa,Router,211.181.124.188,e47f76319e59534e4e85ffde86088b49,"Thiel, Pfeffer and Moen",Human Resources
Europe,Router,86.10.246.11,614df245a9cf08d386cc1a470172a3c9,Blanda Group,Product Management
South America,Firewall,3.142.98.77,01e0b18f288b0f2062abb088131e4817,Lueilwitz LLC,Accounting
Africa,Firewall,10.188.208.246,dbe29874922148e18ed2207fa88be179,Satterfield-Wiza,Human Resources
Europe,Switch,,5776df1282395fef13edb5d0d7664088,Boyle-Schuster,Services
Europe,Router,143.175.35.74,2003eeaf68b27939aeea2fff9b423e3b,"Ferry, Little and Herzog",Human Resources
Africa,Router,203.239.24.56,3675ae3256d7914e88077e5a9896c10a,Swift and Sons,Human Resources
Africa,Router,95.123.67.106,0824c402fc0ec09ebb1bb314013ab36b,"Cummerata, Rowe and Kautzer",Research and Development
Asia,Switch,198.193.39.235,081df688bbc7b2fc5845674d7f4750c8,"Mertz, Johnston and Boyle",Sales
Europe,Access Point,155.26.67.203,a3db9c1f12259f4a62941cba6ef8d185,Ernser Group,Marketing
Asia,Firewall,229.172.149.48,efaa926755ab57b672b372e2be63ebaa,"Orn, Donnelly and Stroman",Product Management
Europe,Router,6.24.145.243,47e56050f4f36a59452f16893a6f0eb6,"Nolan, Ruecker and Lowe",Accounting
Asia,Firewall,,809fdb8a5a1d1ebef24b9b686cce616c,Medhurst and Sons,Human Resources
South America,Firewall,,ee0a088d215fea4f8975c775df60cf89,Haag Inc,Human Resources
North America,Switch,230.117.17.75,4a57b6ae2444de567d03de76ffbe4d9a,"Stokes, Hegmann and Kirlin",Business Development
South America,Firewall,34.94.145.45,ebb91783ad243224c2cca7f205db1353,"Herman, Spencer and Hilll",Business Development
Africa,Switch,,e3edce36168f7066a1725f26e00fe7da,"Hane, Hodkiewicz and Lubowitz",Product Management
South America,Firewall,1.82.35.41,fc262ccd0061826a5f160f7cb7d5a9d6,Ziemann-Gerhold,Support
North America,Switch,138.236.141.199,8cd85ccee11da59f244bf29888889607,Steuber Group,Services
South America,Access Point,85.116.151.125,5c3410c325af79043dadea80f15753f7,Pfannerstill-Nitzsche,Accounting
Europe,Router,190.124.50.186,52c335b744553d1aee108ad7edd78025,Schmitt-McKenzie,Marketing
Asia,Switch,,ca69516bceefd4d9c3fc8cb3767bcccc,"Wilkinson, Hand and Johnston",Accounting
South America,Router,,bcb117eba0c3a18df32058ac14d6153e,"Fadel, Williamson and McClure",Product Management
Africa,Switch,10.180.68.238,5a1fc54e9a215739f0b31b3280c8f79a,Gislason LLC,Human Resources
Europe,Firewall,20.57.187.201,e6a5e2c300ec557b0df517e5e67c3edb,"Robel, Roberts and Wisoky",Business Development
Europe,Switch,106.212.209.33,13e03d2263ec710f2764f17b59d5b347,"Flatley, Kilback and Ondricka",Legal
South America,Access Point,231.74.139.180,6a29366e504d5047e6db51f639000ee3,Tillman and Sons,Training
North America,Firewall,112.200.192.130,cf2506e92ccc21761da052d24a97c1a0,"Bahringer, Jones and Romaguera",Services
Asia,Firewall,153.250.251.133,eb99fb6b03dbc0d76575b055a10c50a0,Schoen-Bartoletti,Sales
South America,Access Point,21.102.233.126,88f1e07c1fe91cd8a3b63dae14b2b2dd,Pacocha-Lockman,Product Management
South America,Access Point,107.200.244.7,337a061f863cf0fe2466b33c71bd0e8e,Fadel LLC,Support
Africa,Switch,189.52.2.135,cadb58423fd79c0725907ee11cc66fc6,"Lemke, Heidenreich and Hackett",Services
North America,Router,179.123.52.184,095eac23645cd5d9af0bbc10a24b7af9,Wintheiser and Sons,Support
Asia,Access Point,150.137.119.242,e25d91fb29f9e05a196cced4586eae4c,Zboncak Group,Accounting
South America,Firewall,,c7b32e25c7000d00615848bffa1bde64,Kiehn-Effertz,Marketing
Asia,Switch,221.35.26.248,18498cc80ea339769d992469a30c1430,"Friesen, Hyatt and Paucek",Support
Asia,Switch,212.162.216.186,54158fc926b81aa3b4803a5fef8b7ace,Dickens and Sons,Business Development
South America,Firewall,,1c482cf2b1dba72ea4fc19e264896b58,"Daugherty, Hills and Hartmann",Accounting
South America,Router,132.182.47.36,0a3a53a733c37e6e571628cd8a846884,Thiel and Sons,Product Management
North America,Router,39.166.34.214,965a47c772e1fc355ccb5624fe51a1a0,"Homenick, Leuschke and Kirlin",Business Development
Africa,Router,211.220.121.150,9e983e14a6cb68148cc84ff88f4e66e5,Kerluke-Hane,Product Management
Asia,Switch,130.59.97.129,48aad1b5c5cf881cdc848a67dbc216db,"Reichert, Zulauf and Beatty",Marketing
Asia,Access Point,50.40.254.229,b8eaa12e16a5d0e77fd2969741c7cf9d,Gleichner Inc,Human Resources
Africa,Router,28.78.14.230,f8204486db05893d3923887a35c26a86,"Morar, Lowe and Hodkiewicz",Support
Africa,Switch,202.62.246.56,ec0622fad5ca2a198535316a444bc248,Bayer Inc,Training
Europe,Switch,90.158.11.201,046f90a228ed67293ecb4fd1d95f1b20,Harris-Metz,Engineering
North America,Switch,191.132.140.192,85a91942f43bff3a80e0489ee2dc9a8a,"Ankunding, Murphy and Auer",Human Resources
Europe,Switch,163.7.188.91,c02dc2155ea005374dad3608c16a4d5f,Hettinger-Mertz,Research and Development
Asia,Access Point,169.201.31.74,6d83163cf42b914a6be4c1faf7ecf79c,Stanton-Bergstrom,Accounting
North America,Firewall,104.133.142.61,c7c3e74dbde686e13c8558adb8948ab3,Fisher and Sons,Support
Africa,Switch,166.102.64.62,446d90154960f677312913c4c2233318,Schaefer Inc,Support
North America,Router,205.187.199.79,b4935875cb56482ed9a0a091ca8accf0,Brakus and Sons,Product Management
North America,Router,3.216.23.43,326edf574dbead5bd3697229e4429d88,"Herzog, Runolfsdottir and Jacobs",Services
Asia,Switch,246.118.160.30,a93bf1083225d8a9dcc76aa8623b63a9,Volkman Group,Engineering
Europe,Access Point,22.179.32.241,fe0a53a6b63050cb7002f2b569705941,Emard-Kohler,Product Management
South America,Router,139.181.200.19,57a056b4587a0525baa48edad9bf70c5,"Barrows, Veum and Hayes",Engineering
North America,Switch,243.20.202.69,a206f75b95eb66f914f1fda9b8d5d77f,Padberg Inc,Human Resources
North America,Switch,16.12.201.233,4d750716f011aec5ea20378b8724309c,"Ziemann, Kris and Aufderhar",Product Management
Asia,Access Point,,8be35eb7e0e6c19d99be2353e09f7239,"Grimes, Botsford and Bernhard",Services
Europe,Router,,83c16557775debd32a358b53d11da7a9,Bradtke-Renner,Services
Asia,Router,13.109.235.208,704123803edbbca392d05966c7fb3c4d,Klein and Sons,Human Resources
Europe,Switch,26.33.162.103,2c0a6e908033cb9bbc63f9bc87619793,"Gislason, Carter and Sipes",Human Resources
Asia,Router,59.250.156.248,c95e7a08eabd7fa28c97483bba942afb,"Bartoletti, Feeney and McLaughlin",Training
North America,Access Point,96.197.140.24,791a1be76d75ff3199c8acee9fbd8cfc,Barrows and Sons,Services
North America,Router,,736714636a34251c91bece4b452b754c,DuBuque-Dicki,Research and Development
South America,Switch,219.88.188.226,0f088f1ef855bbe7d7687fdaae6d6a62,Goldner-Larson,Engineering
North America,Switch,38.95.180.103,0b22da0020eef40c61fc29d728879e66,"Lebsack, Langosh and Mohr",Sales
Asia,Switch,252.161.239.99,50643edfcaedb136f748054273f76d0c,Thompson Inc,Legal
Africa,Access Point,8.202.65.105,7e421fa05cac6c87aeb3fc409f25f672,Marquardt-Beier,Research and Development
North America,Switch,,39f0e1f783fc7656aa987918b05ce7f3,Shanahan LLC,Business Development
Africa,Router,166.44.70.109,feca9f3237b478daa80cc2095e80e8ab,"Kshlerin, Jenkins and Hessel",Legal
Europe,Firewall,206.142.184.184,e97bc677e1611a6fb88a21e547209de3,Schneider-Feeney,Sales
North America,Switch,136.67.200.104,504070a253ff7e5306550d2f699a8b74,"Bechtelar, Dickens and Ryan",Business Development
Asia,Router,149.31.87.33,af3121a608cf5903662b78efab51faef,Krajcik LLC,Research and Development
North America,Switch,,ace967b74c6651d0553950f4c2085bb7,"Cartwright, Hyatt and Price",Accounting
Asia,Access Point,41.72.97.186,b720ed36188a1ce7fa74af710374bd1e,Goldner and Sons,Training
North America,Switch,,9bb7978d7e5f1d11c258a6d1c9e5e0e8,Jerde Group,Product Management
Asia,Access Point,127.207.164.142,3dfaafe7c1d13a64db305857b95e15a3,Wiza-Konopelski,Research and Development
Asia,Access Point,159.155.0.163,317ac0dbb6318a967b28da4e393d09f7,Fisher and Sons,Sales
South America,Firewall,206.157.168.254,200f91dab497daa3f3806a3927bc8439,Cassin Inc,Training
Africa,Router,235.97.120.255,beed8c370e80d05d4a42b45f8ff7888f,Grant Group,Training
Asia,Router,43.122.24.166,406f6c52fc03bebdae753479825a8216,"Hyatt, Jacobson and Satterfield",Accounting
Africa,Firewall,167.59.3.184,59e3c936d4f82aa71a61f17f354c6bca,Gleichner Inc,Support
North America,Router,11.5.77.71,57deea9966867aa700b1be50ac5e5a36,Donnelly-Hamill,Support
Europe,Switch,199.26.205.58,631e952374c56ffeeddef1978e52788b,O'Reilly-Crist,Marketing
Europe,Switch,30.80.91.47,a24625aff3c282b0d631c00ff9a8a588,"Bosco, Heller and Mills",Legal
North America,Router,221.96.67.37,cb37d12a532e810687353c3005ca2361,Wiza-Rogahn,Research and Development
Asia,Switch,,bc08adc7350f83d27f38b80fffc3527c,"Funk, Yost and Nikolaus",Marketing
North America,Access Point,220.53.70.214,48ccc9b5910b8b79ecbd63c000cd4fd5,Bins-Kreiger,Legal
South America,Router,2.121.140.234,3f7e35ce378d72f3bcb43faace1e65bc,"Rohan, Sawayn and Goldner",Research and Development
Africa,Access Point,121.208.10.217,024fbbd57707d56ebc7e7cfa93cd0705,Russel-Wunsch,Business Development
South America,Router,26.213.180.157,bf3cca2464e752c610da42267a83756c,O'Connell-Corkery,Product Management
Europe,Access Point,21.139.96.170,8a99444d41db128c908a603e257a020c,O'Hara-Cremin,Support
Africa,Router,,6dd2871f6fc139631db567a93388af7c,Marks LLC,Marketing
Africa,Switch,,a88b234c61879428d645c9b9a51d89ff,Kuhn-Yundt,Legal
Africa,Firewall,52.32.102.4,e7b5cea410f8bbc3a2361b1333c5c51a,Dach-Miller,Accounting
South America,Access Point,215.15.39.253,88892ef36bc573edf8d77e23e96a5839,Monahan Inc,Services
Asia,Access Point,170.224.189.221,a63b1597d04ae5467eda20f71fc18afc,"Botsford, Kling and Grady",Support
South America,Router,214.238.40.222,39096531c19be39b5b142a6b19b376ef,Romaguera-Morissette,Marketing
Africa,Firewall,26.146.101.62,e3eb90c7089be4d21e1cb0dea1c2e58c,Howell Inc,Accounting
South America,Access Point,,1242b1e81c5cdda29bd888c66360f0aa,"Kassulke, Prosacco and Bednar",Sales
Asia,Access Point,74.242.23.145,6f84f09b3363e80f5f6da73866546008,Marvin-Grimes,Engineering
Asia,Firewall,197.45.53.11,dfcbb38612502d6d257b2f6e986e63b1,Swift Group,Services
Europe,Access Point,70.108.134.230,b245711cbb2b03b40b72a964944b1a95,"Gislason, Ratke and Stroman",Legal
Europe,Router,70.212.160.8,df83a444607b35cbc9dcd92419e3b3db,"Ondricka, Maggio and Hahn",Product Management
Africa,Switch,110.154.156.109,734dfd47182b362e14029d1b6bf7f1fd,Dach-Ankunding,Marketing
North America,Switch,206.206.218.226,e196c2022ca63b51fc0eda85e6b8ae9a,Heller-Beahan,Engineering
Europe,Switch,68.19.241.215,0e725da9d807380f70baa5657d3858b8,"Conn, Dicki and Roberts",Product Management
South America,Access Point,222.45.119.240,32d802680c3a7892268af332cf15bde5,"O'Hara, Will and Schinner",Sales
Asia,Firewall,102.216.63.139,53525ee6e7ec223a8d7ff091b7923177,"Schuster, Lockman and Witting",Research and Development
Europe,Firewall,,36c1d0b8b6bc07acc7bcfc437b141405,"Kshlerin, Stamm and Roob",Product Management
Europe,Firewall,98.239.43.9,116f80e3b7a2a02cdcf915894ee09810,"Zulauf, Schiller and Murray",Sales
South America,Switch,,122be249f58571f44af6937599454d23,"Harris, Rice and Effertz",Sales
Asia,Switch,253.138.142.117,fe8f8e3d1b58dc426408b8673b0fc053,Predovic Group,Product Management
South America,Firewall,194.216.56.145,cddb0d94863200bbf787f933428dca98,Cremin Group,Product Management
Asia,Router,43.161.248.79,9bf54d9b736b027ac1edb52450bee0c6,Pfannerstill-Vandervort,Engineering
South America,Switch,39.236.155.133,52b62c240fee1de59baabf52947c3f7e,"Conn, Beier and Monahan",Accounting
Asia,Firewall,118.65.44.94,87d532b1db1d1291292d673142c98274,Collier-Leannon,Services
North America,Firewall,175.204.175.194,9c3547254edb5c4a854e8532a8f134e0,"Strosin, Fahey and Bergstrom",Support
Africa,Firewall,250.33.7.212,1b9631cb9674a57ccb9f61a87f68f08c,Aufderhar-Welch,Marketing
North America,Firewall,19.227.6.48,67fc8233c1e7a774dda5eff53c37ee32,"Schumm, Denesik and Beer",Accounting
South America,Router,54.150.205.20,ca884a7aa1079f7cbc59943097a5c061,Strosin-Reichel,Services
South America,Router,16.114.15.93,7fffbabffd200f4d4b7037ae01b8efba,Abshire-Schuppe,Legal
Africa,Router,132.26.30.173,9a31156f17ff6a8e97d7551e5f9767c7,Smith Group,Legal
Africa,Access Point,2.127.115.83,ae44dc29d00ea14ebc50922b31854c68,"Cronin, Morar and Dickinson",Support
Africa,Switch,,7e761c4e09d40814600a9f2303a37a7e,"Jenkins, Gleason and Wolff",Sales
North America,Router,95.199.117.109,1eb5dda6d94f54d54275e6039ba6dcde,Olson-Mayert,Engineering
Europe,Access Point,111.193.226.174,0fcd24ae07bc448e9134b6f7540cb476,Schowalter-Shanahan,Research and Development
Asia,Switch,213.118.25.9,be40248f1834a15e3dcbf2a35acb0736,Gibson-Ward,Human Resources
Europe,Access Point,122.40.113.75,074bef3fdcf1b4099c752d52917c79b5,Lesch-Okuneva,Services
North America,Access Point,44.200.100.144,f8c5cfc875ffd2afccd08ea14d14e496,Feil-Kovacek,Support
Europe,Switch,25.245.36.247,075d322f6c82f24d934c3ab6f77660f5,Abernathy-Green,Legal
Africa,Access Point,129.142.129.83,86d1b6d531ca2ed7cca2046801308950,"Schamberger, Koch and Haley",Business Development
Asia,Router,66.168.6.116,b2361c409598aa13978f1ee9ba11e95b,"Bauch, Johnson and Jacobson",Engineering
Europe,Firewall,204.72.25.152,194d897f87ccc76cd5634959d9c8d539,Kuvalis-Harvey,Training
South America,Firewall,203.46.138.30,b3798e5d2f118dabcea1433fa158afaa,Erdman Group,Sales
Asia,Router,100.198.161.160,4ff2bdcfc674d12ae6d8b779b67630f5,Parker Inc,Business Development
South America,Firewall,128.251.166.171,75e3bc431d46ac6ed7dacff8fbea77ad,Ratke Group,Sales
Europe,Router,251.112.145.37,75c400d358581fabcf454b36f4552a04,Wisoky-Lemke,Sales
Asia,Router,,198841e4e0645e688146a9abafa609bd,Gorczany-Buckridge,Sales
Europe,Switch,193.254.161.14,0171029216aa31278657de83a4b6acde,Towne-Wintheiser,Research and Development
South America,Firewall,192.85.126.71,bcd0b647f076297e8ab8d60ae04090a4,Mante Inc,Training
South America,Router,146.193.224.18,3c4bf272e9b2f2d5c82b56128c257262,Prohaska-Cremin,Marketing
South America,Access Point,28.95.23.12,e1cf2c3441e6195684bfaab12c12fc39,Fay-Batz,Sales
North America,Router,213.132.227.159,d1383ff5b7694a2e56735974a620d4af,Bernhard Group,Human Resources
Asia,Firewall,129.235.20.33,cf099a76c1d630046785a699ff586c81,Lang-Corkery,Engineering
South America,Router,89.94.189.3,51612d02ca639df5e1cf8b671273cd51,"Pacocha, Swaniawski and O'Hara",Engineering
Africa,Access Point,134.140.147.138,920061690d2f4c3587543acc2be96f36,Hoeger-Green,Research and Development
Asia,Access Point,114.187.243.224,fbd7db9a8d9f8aa277c71be2b065b889,Kihn-Roberts,Accounting
North America,Router,216.99.134.66,95f2c80eb8bfd81eebc8448e275770e5,Mosciski-Wintheiser,Human Resources
Europe,Firewall,,d8900ee4bd5a9d96c0ac2f6fb2a01dd5,Feeney-Jones,Support
Africa,Switch,164.191.12.219,13369a7344c48d66520cd875089dddf4,Rau-Kuhlman,Marketing
South America,Access Point,220.15.107.64,5b62ceb446603b5d35bfa6f0a97133a5,"Zboncak, Mohr and Legros",Sales
North America,Firewall,45.225.222.248,9a992aca9e0e220dad8b24d2a2d55894,Hamill Inc,Training
Africa,Firewall,158.195.177.160,54160b79fae94191b04088f791af800c,Doyle LLC,Engineering
North America,Access Point,124.34.96.129,d3083f7674ae92e1d651648f71f05a89,Runolfsson-Lueilwitz,Services
Asia,Firewall,122.59.17.58,fcfa6584dfe76f16321d78ff8dd4fa18,"Kuhn, Kilback and Nicolas",Training
Asia,Access Point,83.111.183.91,83a6838ab84c6c0cb6a1ee9071c8ea34,"Huels, Stark and Littel",Legal
North America,Firewall,220.202.49.106,c8b14b09939ceb2adca1c73d9d896a29,Gleichner and Sons,Sales
Europe,Firewall,95.80.228.43,242cb458aed31c41e24265b3aa2873ed,Cruickshank LLC,Training
North America,Access Point,226.3.185.8,8a2ae42fd95155c35fa063ca6d1b9db9,"Kreiger, Runte and Lakin",Marketing
Asia,Router,222.117.242.209,2f29ddf829d4e76213d6d0c4582954aa,Hammes Inc,Human Resources
Europe,Router,40.161.175.53,853a8e439350eb4892c30cab405a268f,"Borer, Strosin and Harvey",Marketing
North America,Access Point,,e2d04098710805b479b2181273740107,"Koepp, Torphy and Prosacco",Legal
Europe,Access Point,68.106.214.182,82d2f801b0c81a33f0203b6156564ad6,Goldner Group,Services
North America,Access Point,210.167.133.24,2819baa093ae2b968dfc4a364ea67e2b,Armstrong-Marks,Sales
Asia,Firewall,35.66.162.47,fc176369290e6e6d08ee45e3dc79bc5c,"Casper, Kozey and Rogahn",Training
South America,Router,196.199.39.151,d5de0b2ea8863fc6ecc331d52ab7ee59,Johns-Klocko,Accounting
North America,Switch,98.174.215.251,c5e3398fa523d9f882da91c4fefc4a2e,Jakubowski-Schaden,Services
Africa,Switch,163.123.154.164,09315090cf135e5e3ab6a1d99e4d876a,"Corwin, Runolfsson and Bins",Human Resources
Asia,Firewall,223.142.246.113,fa49af8d316553c55012f12ec7cd9d24,Baumbach-Gutkowski,Support
Asia,Switch,184.78.187.156,48d4d386df47133c68bc2f1814db7e6f,"Kessler, Cummerata and Herzog",Business Development
Europe,Firewall,103.155.101.150,876d0638dfcbfbd4b7264ef36cecedbd,Block Inc,Research and Development
Asia,Access Point,84.196.76.195,1fe4d3521959c623aae90aa7cc7956b4,Boehm-O'Reilly,Legal
Africa,Firewall,233.247.239.98,0b3247590cf217422b828d3e6d1d7c7f,Luettgen-Hermann,Support
South America,Firewall,61.173.217.112,6f5ef3a72ad04f1db8f7d4b0da0bdc84,"Gusikowski, Williamson and Bahringer",Legal
South America,Switch,,17564ccde30f76231eb9443312389879,"Roob, Okuneva and Stamm",Services
South America,Switch,204.94.119.201,ae5b8529972414eaf5288ddb63b193bb,"Berge, Sawayn and O'Conner",Research and Development
Africa,Switch,233.18.55.20,5e357795f36b6bcb165aacdaa885760a,Schamberger Group,Marketing
Europe,Router,177.73.242.3,02c880171123c2d337c92894c0bc5f40,"Powlowski, Kerluke and Kirlin",Services
Europe,Router,,161744fce7441e5ff49735f2c193a351,Wintheiser and Sons,Accounting
Asia,Switch,86.7.253.28,acf64c50d58d534abc61903c1904ce76,Homenick-Stanton,Product Management
Europe,Access Point,250.98.223.117,f28a95eb7cdf25ee2a16d721d27a5894,"Nolan, Cruickshank and Wisoky",Accounting
Africa,Router,45.94.40.142,dc0e29dd418837d648f4ae2bce3e4efe,"Beier, Rodriguez and Abernathy",Business Development
Europe,Firewall,,9889783737710cf91e9af10535285d91,"Blanda, Boehm and Wiza",Legal
Asia,Access Point,182.77.59.177,05f9ac16c52b84105d277dd765559f78,Schumm LLC,Training
North America,Switch,139.89.250.135,d9bed209e375b08895fe51cd9a8fbb56,Schimmel-Kautzer,Engineering
Africa,Firewall,49.152.133.247,287d8eab6b9457b7a54a0d15a8ecdfd8,Smith-Abshire,Services
North America,Switch,,3bed6e3b3e660241d87c111ecbc95f50,Sawayn-D'Amore,Business Development
Africa,Firewall,,c34be1387c5de443fb4baef48232c271,Mraz and Sons,Marketing
Europe,Access Point,201.15.70.93,71c29347f9879b3086a0dd9814611844,Hahn Group,Research and Development
South America,Router,16.135.170.161,b5fa5551a19a745886e35d9f66a5eedb,Krajcik-Schiller,Engineering
South America,Access Point,26.7.106.91,95f644a8d2b8a0f949b8601e412ffe62,Stokes-Conroy,Business Development
North America,Switch,122.191.204.22,846a30a15108fadeda93a54486ffd1b0,Stokes-Wehner,Business Development
Asia,Router,,15c0ba1051128a794f058bf7c9f71c6a,Koepp-Macejkovic,Product Management
Africa,Router,205.221.243.106,e43a84ac44325a033b7cd05ec4d010b0,Jones-Pouros,Research and Development
Asia,Access Point,,c23596e6a2647015a0eeb4e67fa7dec0,"Paucek, Upton and Schmidt",Research and Development
North America,Router,141.161.7.91,ecaec77de4c72e4fdd0ef244b520dcff,"Carroll, Schulist and Armstrong",Legal
North America,Firewall,,07ea7bc742392403fadedf09e9d565c3,"Ryan, Hilpert and Hamill",Product Management
South America,Firewall,231.148.29.89,e012cc189968ad7cb50c87a9bb9db8bf,Muller Group,Sales
South America,Access Point,167.198.253.87,499470af03f1e70292cb9e51c59f2a31,Halvorson Inc,Business Development
Europe,Access Point,176.90.208.154,3649c131b92d7e09deed63d58feaa045,Gleichner and Sons,Engineering
South America,Access Point,230.33.60.0,4658647c087098b09c48bb67681c5a25,Beier Inc,Accounting
South America,Access Point,45.52.29.109,2c3f99c2cead958b1b7ede54754f4832,Reinger-Fahey,Training
Asia,Firewall,67.69.62.47,b57b8fdc6c36f1ab7992bc8de9510952,"Hills, Feil and Champlin",Sales
North America,Firewall,229.5.139.29,ddf03f3624794c8273e768648af4c85c,Strosin-Heaney,Legal
Asia,Switch,81.38.95.236,142b39379ff2a8df5c8521685946d1e9,Reilly LLC,Accounting
Asia,Router,139.251.164.233,e8d5fcc8fad632ce6393ebcdc676c8fc,Robel and Sons,Training
Asia,Firewall,,57efe25ece02904f95cb9530605c84f7,Boyle LLC,Training
Asia,Switch,169.4.160.144,3541594a65202f3a935447b08abc7190,DuBuque-Jakubowski,Services
Europe,Access Point,201.254.127.223,3bcac5b0f608248d52d69e2407901434,Schowalter Group,Support
Africa,Access Point,205.0.78.159,8712fd931580c99fb4b4b5a6b65c4dba,Parisian-Simonis,Accounting
Asia,Switch,131.151.106.147,decaa21ac6879d6e279ac04d12e09799,"Erdman, Sanford and Kilback",Training
Africa,Access Point,130.28.161.68,168883570844d90584b72f8577e1314b,Cummings Group,Accounting
Asia,Router,5.169.27.166,159bc5f99e48c94c17a7396bdfaa7df2,"Bruen, Paucek and Jakubowski",Support
South America,Router,,8ef9117d7215cca345a7dd05cd3569ec,Batz-Durgan,Engineering
Europe,Access Point,52.83.176.174,9c61a40952c80c828cb9b545682eb02b,Kuhn-Jacobi,Legal
Africa,Firewall,118.176.160.43,c68220a8a0eed32c2c6273dc2cd6a125,"Bayer, Walsh and Koepp",Research and Development
Asia,Switch,122.132.134.224,fa43fa8f42d854065c4621d9bb4ad5cb,Nienow LLC,Engineering
South America,Access Point,85.23.165.67,5ee9f6d6864ce0fe3111713f112897de,Zboncak-Frami,Sales
North America,Access Point,123.20.32.195,f8d99dd1d3210fdf5874c77560765ade,"Marks, Shields and Walker",Support
Europe,Switch,200.178.96.96,ff9515fee594f1389630c5c81fb118df,Hamill and Sons,Marketing
South America,Router,102.198.94.219,d37b0b7cb9d8f551b9e1334a1128b5d4,Green-Schoen,Marketing
Europe,Switch,160.47.143.43,aae09d440e730086ea987e354926f2ee,Luettgen-Kohler,Support
Asia,Switch,141.161.241.51,fe06073f5319240e4927cce2c99f8a08,Veum-Wintheiser,Marketing
South America,Router,20.182.95.61,f46632208aff48bade7a85a376ea1f26,Considine Inc,Product Management
Europe,Access Point,6.241.219.247,42cac8b214f69183978f6a1de881f6fe,Walter-Stracke,Training
South America,Switch,34.218.17.109,d80faa03d5e9b48ee8581617d284bdbf,Schowalter LLC,Business Development
Asia,Access Point,98.102.84.94,2a5ccfc096ae56bd980de0dd6fc2119a,Cremin Inc,Accounting
South America,Firewall,,adbcc3f39ad99332098cfb2eeae05ad8,Murphy LLC,Sales
Africa,Switch,56.67.149.174,be65309aaa336834f49cbfa497bb1e9f,Larkin Inc,Accounting
Europe,Router,58.226.38.106,d38d7c806e0003a8fe1b3adbb003bfbc,Ruecker-Franecki,Services
Europe,Access Point,,7321744825d2de90db8c05bc3faf76b7,Howell Inc,Training
North America,Switch,,40cc53ea285454ea8ba393e90f73f065,Wyman-Hamill,Product Management
South America,Firewall,111.181.184.128,439989c41f002e706491ece5c3bc2704,Glover-Pfannerstill,Legal
Asia,Access Point,,4fe377d08b2a3376c507f1448b196a12,Kub-Hayes,Sales
Africa,Router,,e4cd4000ce8f2ed87c344de977e0f7b3,"Legros, Stiedemann and Langosh",Business Development
Europe,Access Point,75.88.109.47,59ffe977f0e5b9dda17e088dc6ea2611,Ferry-Towne,Engineering
North America,Access Point,227.214.114.249,c883c5ef6dc8b1adb3d7efef7913d621,"Bruen, Dooley and Ryan",Legal
Africa,Access Point,37.237.68.36,6bc40dc319a7a4709013aef1739654f3,Stark Inc,Product Management
Europe,Router,4.47.67.214,3436ad8026736cbd2ab22dc8cc64c05c,Brown-Durgan,Services
North America,Switch,103.100.167.239,9b90376904164d08c50a71b08ce1a2b6,Krajcik LLC,Marketing
North America,Access Point,,264bff2ad9e7da407dd930d032f241cc,"Schneider, Parker and Cremin",Support
Asia,Router,254.14.234.52,33737fbefcaa203ff3b5273b15a4660a,Harber-Harvey,Accounting
Asia,Router,88.54.130.167,61cbb78b8250e76eb9e818dacfc5117d,Considine and Sons,Accounting
Africa,Firewall,158.158.240.140,e1301934dffcbfc3f927095dc6fae318,Hettinger-Lubowitz,Legal
North America,Switch,179.92.117.120,fab6873c5f9d862010f29cbc4efa7ce6,"Schinner, Hudson and Mohr",Marketing
Europe,Firewall,163.206.13.192,28bc99b68d6db1f0d3645ebf781f0d2d,Hauck-Bernier,Business Development
South America,Router,,0782ae0d9383640328eae4019e6390b4,"Bernhard, Hoppe and Bergstrom",Legal
Asia,Router,68.184.197.176,809f261d30ce6d2aa346a292df35587d,Purdy and Sons,Engineering
Europe,Router,169.89.44.245,765541686e4fd914c75e6ef497a4fada,Harber Inc,Business Development
Africa,Firewall,214.131.34.60,da445ebc442dd6cec034a9bf44057f96,O'Hara-Mertz,Engineering
Asia,Switch,183.242.120.28,5de24ce6e519b28217872ce2479c7f62,"Ankunding, Padberg and Ratke",Business Development
Europe,Access Point,120.23.213.149,15daa630ba9c792a34619c1ecb8f86d8,Davis Group,Training
South America,Firewall,,779ca7e57690973c64acfd312fe21296,Strosin-Block,Human Resources
North America,Firewall,5.137.125.158,663c8d6aa6dba08485a9d9634b29b999,Fritsch-Raynor,Support
South America,Firewall,93.229.168.252,8b1085bb0a1c460b9679171e06bd7a84,Bruen-Morissette,Engineering
South America,Access Point,,d672f0dc11371ee592a0a38cdc8062d3,Hagenes-Kuvalis,Human Resources
Europe,Firewall,46.60.32.64,c06e287c5b795a8848778d112bb3ee1a,Nader-Ondricka,Accounting
Europe,Switch,161.62.170.212,e0dbf1b5b704f75c8f9ecff50816618b,Sipes-Brown,Product Management
South America,Access Point,246.89.246.195,8ec0929313614d7d2fd6c3c688b70e35,Stark LLC,Research and Development
Africa,Firewall,,ea216abf105b3a3afc798554493db624,"Nikolaus, Swift and Cassin",Marketing
South America,Firewall,,d27152c8599e25b5fcc86d918f78b33f,"Cremin, Schimmel and Kirlin",Sales
Europe,Switch,181.191.238.141,a53e2acdb7594d8040907a5063e6f22e,"Sporer, Armstrong and Okuneva",Engineering
Asia,Switch,,417f2d65b70a8cd7e29da92efd7f018c,Bailey and Sons,Sales
Europe,Switch,50.85.60.5,da8ed3eed2884803510b5d8ea5fd7747,Langworth LLC,Sales
Asia,Switch,236.36.99.225,379f5edb6a2c5d18e134558311eeda96,"Hermann, Bailey and Parisian",Services
Europe,Access Point,14.220.254.152,d469be9de685358fe4d816c7177643bd,"Tromp, Erdman and Schulist",Business Development
Europe,Access Point,216.168.54.252,917fc57d93c3d7d06e3e66428ff8999d,"Hoppe, Volkman and Nikolaus",Business Development
South America,Access Point,134.28.176.166,cb5192a5b49d7bcec0edb1adf11d8518,Cruickshank-Hartmann,Human Resources
Africa,Firewall,82.13.77.197,c4956d9b2d5130193f9c39eb910137bb,Sawayn and Sons,Engineering
North America,Router,203.215.199.80,0573bec16bb28190fadbf7e0e7402ae4,Mitchell LLC,Accounting
Asia,Access Point,,3478b360472d0228c86c7ae0ee1c5f45,Anderson-Fisher,Human Resources
Asia,Access Point,89.78.245.221,d8a9fb5e235b1cecb85cf650db4b3aef,Rice-Goyette,Human Resources
South America,Router,50.249.140.142,90b7a20a25df20269d218cf13960d9bb,"Gottlieb, Doyle and Orn",Training
North America,Router,255.240.214.41,a02f431b3330f10963a2ecf180b22f0d,"Kuphal, Nicolas and Strosin",Business Development
Europe,Router,11.240.37.250,0ff17f050317be82348ae36946c8804d,Denesik-Prosacco,Human Resources
South America,Router,163.122.100.229,e950569347cba42d18b5ea1284839bcc,Watsica-Sanford,Accounting
Asia,Router,239.196.193.41,99de96b4d69e0b5a05da9910943a9be7,"Spencer, Bruen and McKenzie",Accounting
Africa,Router,78.52.70.47,2796347d228e1d6357857a052a6390b3,Schroeder-Blick,Product Management
Europe,Access Point,228.54.30.172,2553cfd690f6cb1157125f2954ae0fe1,Yundt Inc,Legal
Africa,Access Point,75.189.137.182,7ae83b744f50498a5a49ddb0ca3cd2ee,Friesen-Langworth,Research and Development
Asia,Firewall,132.188.7.84,6a6c37f4c3295b4bc1e5b04531691e77,"Rolfson, Cronin and Weissnat",Business Development
South America,Access Point,,3b075e001148c2a1bdd5fd893854b713,Boyer-Auer,Legal
North America,Switch,,110ea50e290cb67ea3474a04456f4830,Willms Group,Sales
South America,Router,,2dd58629daa87bc9e6e66c971d489c51,Mosciski-Harris,Product Management
Asia,Switch,78.116.245.100,8b38c2fb8f74904a37b42584e6b1acf8,"Cummerata, Howe and Jakubowski",Human Resources
Asia,Switch,29.188.44.210,8e8ef7d6e24e6b7c798f3a794fcd1447,"Bergnaum, Mayert and Hamill",Human Resources
Asia,Router,200.101.14.204,f52469a4eb209ec526ccfeade3f207f1,"Kunde, Cummerata and Armstrong",Human Resources
North America,Switch,117.120.96.136,15664c8e9e66e02d9f4adef6c433e3c2,Cormier-Hackett,Support
North America,Switch,132.16.231.202,ca4b8dde7627522db4851a77816906a9,Fay LLC,Training
Europe,Firewall,66.97.241.87,80f0170c5c8d0c2b60baf2f666ba9c52,Boyle-Rogahn,Accounting
Africa,Switch,41.193.0.86,e9b8a6977f7721a9cb7369e95e6bbc1d,Roberts-Borer,Research and Development
Africa,Switch,113.7.199.21,7c0b64587d02470598dcac0a5670ee71,Kemmer-Effertz,Support
South America,Access Point,77.112.173.104,335250819f4efbd4ae038babaa488db8,"Pfannerstill, Haag and Jacobson",Marketing
Asia,Router,,f82858b779707704ac2feed1823643e9,"Hayes, Wisoky and Ferry",Support
Africa,Access Point,161.220.53.69,408535b6329179c024bcae95fa41b1c6,"Heathcote, Prohaska and Heathcote",Research and Development
South America,Access Point,82.61.145.236,b962ce1f4c36cb5442cbcd6f60ed4ead,Hintz LLC,Business Development
Africa,Router,,044ef6684c2cd16b26a0daab38d8bcb9,"Deckow, Leuschke and Kerluke",Business Development
South America,Switch,,55c4d94b5718e253ed544f8ad03db7ba,Hamill Group,Support
Europe,Router,205.38.162.225,64137bec37851f98454c9f085113b7be,"Reinger, Heller and Reichel",Training
North America,Switch,194.177.66.7,5a7ae38a94fee5fc3b9d23ee4c1da205,Sanford-Stokes,Product Management
Europe,Router,242.106.137.216,3606808d1883c9de021b25caee6b4de2,Hessel LLC,Marketing
Europe,Switch,127.29.38.125,5cee48c37e2851e8bec795f84d8c19eb,Schaefer-Zulauf,Human Resources
Africa,Router,,82816b74afc78024ea376b0edfdb02f5,Huels-Toy,Legal
North America,Switch,3.230.51.200,367e76a3ed6a5afe621845894ae61566,Howell-Balistreri,Legal
Europe,Switch,147.73.48.249,343f0cd720bdd07b94b0bffbe71981cb,Mante-Corkery,Research and Development
Europe,Switch,105.218.204.221,90a092024b466c08cb78adeab4dee766,Watsica and Sons,Engineering
Asia,Switch,62.186.59.197,ac625e7511af302bd48e0fba8537c15e,Hahn Inc,Product Management
Africa,Router,,1abc80baf40cd2abdfe1477b7979aeb1,"Ziemann, Schaefer and Keeling",Product Management
Africa,Access Point,211.168.26.213,325a1dc912e53000dfcb03f31fc6fd9e,Ortiz and Sons,Sales
Africa,Router,45.14.178.236,830c075df396d97fba9a1e5ac16bd8d7,Larson-Bernier,Product Management
Africa,Router,31.205.252.245,09020917eed45bfaf4dcba477241ded3,"Littel, Stamm and Waters",Accounting
Asia,Firewall,78.25.231.111,151faaa6a3e35416cd9b23736cf51f07,Pfeffer Inc,Support
Europe,Switch,64.224.230.91,38ed72f2014e8806170432dbdb4253e1,Conn Inc,Sales
Europe,Router,26.30.39.136,b6a09bd1def23a10589f6d506e642674,Green Inc,Support
Europe,Access Point,,5c5e888a987b4e071d51dd0a2af0770c,Boehm Inc,Research and Development
Africa,Switch,190.149.45.83,f71036d41f7e90fa4c1c2a90aef36835,Romaguera Inc,Accounting
Africa,Access Point,,0e07c9e471f2670e27741b11b9b0b768,Wilkinson-Pouros,Services
North America,Firewall,107.42.25.64,0c51731e99bd689e757521df61de8ebd,Collier Group,Product Management
Asia,Switch,36.20.176.213,87ff7d0ba15a9c1222504676428b67f8,Schmeler-Gusikowski,Business Development
Asia,Firewall,192.248.141.53,46b8585361abc42a8bfd7bc27f41e397,Bartoletti Group,Research and Development
South America,Access Point,210.237.118.206,95cc2eab8291a9aead41b3bb9b728a9f,Sawayn-Baumbach,Product Management
South America,Switch,,9b114669b50c5ff558a773b723ad76e7,Kautzer-Ferry,Product Management
Africa,Access Point,,5abc490b273740e02155d2c3e6cbc0b3,Dickens and Sons,Marketing
Europe,Router,16.196.241.176,6faf91ee056a87c825aa911b5883815a,"Kulas, Nolan and Abbott",Product Management
Asia,Firewall,222.176.196.34,f252b83da59baa9aa6508444ba6b148e,Rau LLC,Training
Asia,Firewall,9.172.113.175,3d939492af78a0e6f20803c9eba6aece,Monahan-Corkery,Business Development
Asia,Firewall,179.175.176.54,486a36902e72b935ab3f8ffd0ac3cf57,"Haley, Monahan and Koss",Product Management
Europe,Access Point,85.183.187.4,fec09b65bd35268823e5d48800ac661b,Robel-Wiegand,Legal
North America,Access Point,199.206.125.83,be0f052f44568689ca40c6b7467fb429,"Gleichner, O'Conner and Hilll",Sales
Europe,Router,20.173.111.8,2413c22e6af783fba8fe2722a2843901,Leffler-Beer,Services
Asia,Switch,26.171.41.56,75febf8c917546f85efb2d7997e4cb04,White Group,Services
Europe,Firewall,206.250.220.79,7188d343c8a575b95bd9279afab973e1,Marquardt Group,Sales
South America,Access Point,19.116.178.222,fd8f5533cbdf03e0a4b9fa2af53782a7,VonRueden-Tillman,Services
Asia,Switch,236.21.167.102,0fc453c087a73e1a86579d2ef0185606,Bergnaum-Dach,Services
Asia,Firewall,,f90f3181121b7c44aeb2fc1ea1dde625,West-Nienow,Research and Development
Europe,Switch,89.213.32.251,3be4860774f3225492c9da7b2823a051,Reinger LLC,Engineering
Asia,Switch,,37933d1209bd245d71bcb0aa9c14fd7b,Dickinson-Durgan,Research and Development
South America,Router,,50a4cf11f136ce7654c7ef209ad401a9,"Johnson, McClure and Bogan",Research and Development
Africa,Switch,,536a87ed42944c8aa74172a27cf7fbd0,Frami-Robel,Engineering
North America,Access Point,156.123.218.15,40c3c48f711df21f619aae36dadc4dc4,Raynor-Mante,Human Resources
Europe,Firewall,47.114.205.36,b284512148703dc724dd68eef81370d7,Schultz-Ratke,Engineering
Asia,Access Point,198.223.211.91,fef4a6c747bac88cdf30500b160597cd,Brekke-Heidenreich,Support
Africa,Access Point,232.175.159.221,aca02c700406b3b619f7921cc5b8fa1e,O'Kon-Littel,Legal
South America,Access Point,120.221.57.175,8ea1bf1dc09c1079bbf28c1e3ce6c8c7,Wehner Group,Engineering
South America,Access Point,12.43.234.20,62e1232b1c3f2f03fb3b206b9b7ff011,"Miller, Rowe and Kautzer",Product Management
Africa,Switch,66.87.174.128,d169916ad1bfd9bc097846bea1365675,"Romaguera, Thompson and Howell",Engineering
North America,Switch,235.17.198.31,dddb7c0b2e497f4c9b5c77de52f6d2b1,"Swaniawski, Lueilwitz and Corkery",Sales
Asia,Switch,202.30.132.31,daeab1fc3e5f38032ccdbd80dd9536ad,"Lebsack, Bradtke and Hilll",Business Development
Africa,Access Point,164.236.116.41,5bbc958568e5a5c2902c5a058674dfd4,"Simonis, Romaguera and Runolfsdottir",Training
Africa,Router,255.240.28.16,7b7db3d997134ce464f500beea3d0477,"Swaniawski, Goldner and Gleason",Engineering
Africa,Switch,248.192.122.73,422d726984b222001593f93bc1ab4418,Lebsack Group,Support
South America,Firewall,5.174.175.180,de6bf300ae6bbf9c6db64526399e8431,Towne-Bogan,Product Management
Africa,Access Point,223.173.49.180,9e2c43d8f1c0073445529e20c6cbc33a,Ziemann Group,Legal
Asia,Router,2.83.105.29,ac80baedaf49e9f5a7ecc7e4142ea1b1,Blick Inc,Research and Development
South America,Switch,,48f4deca50576553643045b7e7451fdc,Russel-Feil,Legal
Africa,Switch,,8b531c6e3b33d49bbb13af010276b919,Funk and Sons,Training
North America,Firewall,,8dc21659f21432f4a69a94c9c56b0a48,Daniel LLC,Human Resources
North America,Access Point,180.125.142.119,c580787dead64a60c83f91ed4cb4fdd7,King LLC,Support
South America,Switch,142.84.29.106,7657873b2a467a29125a48aa55d571ff,"Wuckert, Hamill and Bosco",Engineering
South America,Access Point,218.19.173.144,cc755955cd053f38c644c19e4b6e9888,"Gusikowski, Roberts and Klein",Research and Development
North America,Access Point,35.47.133.134,9265fe7a43507a74441e280b831f7dcf,"Farrell, Jenkins and Raynor",Human Resources
Europe,Switch,,a5900dadb026dbb9ec256eedfe6d585b,"Kuhlman, Trantow and Hyatt",Research and Development
North America,Router,,56dd9ddffb6aeca3b502edef8b035f7b,"Hegmann, Witting and Zemlak",Human Resources
Asia,Access Point,,58879b746732aa9af2597644e095bb84,Murphy Group,Legal
Africa,Firewall,202.8.149.19,ffba3a9eddd99aaa24c11d41e0352b1d,"Friesen, Pouros and Roberts",Sales
Asia,Access Point,75.189.163.252,4341adf22110781c62c4ab53a4cfd6fb,"Rodriguez, Kohler and Walker",Services
South America,Firewall,181.188.145.20,b6e13aa01adf0d11633bd75a93c73385,Leuschke and Sons,Support
South America,Switch,200.90.248.98,32d92074f860b1d06030d04a27a146b5,Russel-Dietrich,Marketing
South America,Router,157.130.176.200,8ffd49b61b083f837b051874da5179a6,Flatley-Kozey,Business Development
Asia,Access Point,69.52.119.98,e7a6a858dfb1af6e1c6d9633d48696d7,"Muller, Howell and Brekke",Human Resources
North America,Firewall,3.87.135.82,110c438e7070c7c394012b2048db0971,Collins-Rippin,Human Resources
Europe,Access Point,72.212.59.225,7fa5253465916165bfeffe51f34d0dea,Christiansen LLC,Support
Africa,Switch,188.247.58.234,535c895858d653acfcad6d94919ed6e8,Gleason-Hackett,Services
South America,Firewall,220.213.230.162,e5db6fd0a5d007c793bc72b9160d7ef8,Balistreri LLC,Legal
Africa,Access Point,115.216.49.50,0fc35b8f89fce404f4c27e62a05fea90,"Nader, Hammes and Conroy",Business Development
South America,Router,,9da191cc934e5d0dbc93f1891bf964bf,Kling Inc,Services
South America,Access Point,,4780495c133051ac3179d805d347fe63,Will-Hudson,Sales
Europe,Access Point,164.21.135.156,285d644ae76742ff4a0fc248647cef9d,Sipes-Murray,Services
Europe,Switch,,bcd3b147fc349d44cfb6aad98bd67031,Bergstrom Group,Research and Development
South America,Firewall,153.135.252.203,3430c61e0b2fe9360056e8278871f756,"Ledner, Wisozk and Yundt",Accounting
South America,Router,50.104.3.27,1365b2bbdae381b977f57723d4c5a802,Flatley Group,Accounting
Europe,Access Point,28.8.22.228,3e04b5fd608b65f7cc0c55215a401626,Huels-Paucek,Product Management
South America,Router,247.18.211.131,3ba0c5d117463597b710553af7477597,Marvin Group,Legal
Asia,Firewall,107.23.30.233,f17612fdcce5a561acc1fc98d2002356,Jaskolski Group,Product Management
South America,Switch,160.158.90.63,21117d7068b5d611389356b13517d26f,"Koepp, Hamill and Kunde",Marketing
Asia,Firewall,144.134.153.0,44deeb9bcc32179bfb5dadf8b75f26b5,"Spinka, Bartoletti and Rogahn",Product Management
Asia,Firewall,67.116.206.12,1d0f65b2cfa9441985a9d1c92c325fd2,"Leuschke, Hoeger and Bailey",Services
North America,Firewall,181.169.151.110,7f0c69d07611a991fc8eb02e5f977e2b,"Marvin, Hickle and Mayer",Support
Europe,Access Point,,e9379cd1d370bf779212a8884fd0229a,Fahey-Schumm,Sales
North America,Switch,170.225.236.212,f7ea593f9299fa8538168516fd3e6ca6,Schinner-DuBuque,Legal
Europe,Switch,225.193.102.136,709ab2db44a029e92e9676abe5a4a52a,"Collier, Corkery and Mertz",Human Resources
South America,Firewall,101.47.76.107,e2fe306d40935f955da2adcfe2f2062f,Heller-Gulgowski,Business Development
South America,Router,95.169.2.70,da8dc01f8357d75b45a423a825d8d2cd,Champlin Group,Training
Africa,Firewall,41.123.155.166,bbbc9c9abfe5779fab7962dd3fd613b6,Ferry-Kihn,Human Resources
Europe,Router,33.111.182.208,8392817534ef958899f413e5d616eeaa,Monahan-Windler,Engineering
North America,Firewall,,f4b15f78c11db40b28c7a53bc24be9d9,"Deckow, Pagac and Emmerich",Sales
Africa,Firewall,151.1.100.209,41881bb349108720b9e22913846b48e7,"Schulist, Tillman and Mann",Support
Asia,Access Point,148.41.166.107,15151a2a0e703c19d5c93dd35712e0f9,Jaskolski-Gorczany,Engineering
North America,Switch,104.132.7.15,c73c37175fa2e456e26b2ab8ff5a6171,"Hartmann, Mante and Beer",Human Resources
North America,Switch,,f60b7649fbe34bb9b090dd63dea91a8c,"Hirthe, Kunze and Parisian",Product Management
Europe,Switch,193.159.212.89,adf797a0c0f978f7f86338a10b70f859,"Paucek, Hilll and Emard",Research and Development
South America,Firewall,122.60.9.51,7118ebbdc0472fdbb760da0cb06621fb,"Krajcik, Halvorson and Bednar",Training
Asia,Router,,59bcd7166cc99808c3f7f4c9f59ea3cf,Bergstrom-Fahey,Research and Development
Asia,Router,169.63.2.1,67de8b4c4bd5372018a7bee3a2e949ec,Bernier LLC,Marketing
Europe,Firewall,175.131.156.102,b2ed8c0d39cfaa5887f2483324f12791,Dickens-Harris,Legal
North America,Switch,194.25.20.120,9247ee62c35c0609f67a0d364a0cc276,Luettgen-Thiel,Engineering
South America,Access Point,76.45.197.35,b0317a3eb99785f351fe2c8e6fc0e2aa,Beer LLC,Product Management
North America,Switch,41.34.29.32,fea16dfd345d689f7295f4407d1381fc,Moen-Bergnaum,Human Resources
North America,Switch,206.197.197.143,39d51d6a549e5ecec7026377f049ffa7,Raynor-Kassulke,Sales
North America,Access Point,5.118.79.201,65304df52cc5cd54744578bc2eeb4112,"Moore, Hills and Homenick",Marketing
Asia,Access Point,,c61c28f2996fc237fc88f63c5e470600,"O'Reilly, D'Amore and Schneider",Support
Europe,Router,196.139.140.81,8c66d3ab9e208c2e8b485e2d15bc6dff,Conn Inc,Services
Asia,Router,97.86.78.242,8bbf085319a6fb9fa3ed477801ed576e,Rodriguez-Marquardt,Accounting
South America,Access Point,214.239.130.36,5752d6beb3e5047ee891020b87dd559e,Klein-Wiegand,Training
North America,Access Point,164.212.196.241,eef2184e5cdb3865ab0ceb598a6e91e0,"Brakus, Romaguera and Stoltenberg",Accounting
Europe,Access Point,,29fbabf6adbe4e64a1a8fb0b6a6acc00,"Kunde, Steuber and Cremin",Business Development
Asia,Firewall,13.165.29.6,182bee69f6b2f75b9f159149ca246fdc,"Ondricka, Wyman and Pacocha",Training
Asia,Firewall,,cd8e0b72007e0450895b847d7346f7fb,Mayer Inc,Accounting
Asia,Switch,145.245.192.138,5017c22f903f644aec69926145b5435c,"Conn, Prohaska and Ebert",Services
Africa,Access Point,124.66.48.221,414202d5f8760d7e263d11ddbf7aa880,Kutch-Hayes,Engineering
North America,Router,120.135.10.43,03ba5b5fa13ed2a5b3b947665307a7e8,Hodkiewicz Group,Legal
Africa,Router,181.194.191.188,bc66c9bb9582829590988cd3e523928d,Olson-Dare,Sales
Europe,Firewall,69.63.114.248,86bd31239b471fb8c996bda73e791766,Shanahan-Bruen,Legal
South America,Access Point,153.81.33.104,f7410a3e340b98e15cdf94543f9cbc6e,Waters and Sons,Business Development
South America,Router,253.90.240.232,c660dd1da53fee19cb37307d42cd9b65,"Doyle, Lemke and Klein",Product Management
North America,Firewall,187.116.169.215,985405e701ab084b7e259f0fef540eb4,Konopelski Inc,Marketing
Africa,Router,235.9.204.95,9f0799102c075df22c529a8bfe94a163,Dooley Group,Business Development
South America,Router,245.174.149.77,085ac021a32875369987d3b615f26d5f,"Volkman, Braun and Pacocha",Accounting
South America,Firewall,173.152.107.79,ac2867a5ab2236c2ee8635084dbc0b8e,Daugherty Group,Product Management
Africa,Access Point,255.175.175.236,3abb242e0da07bb5e0f2de86980c9f87,Farrell LLC,Research and Development
North America,Router,90.123.4.169,2b94b9854b9266b75c6656d7c5afec52,Kertzmann-Quigley,Product Management
Asia,Router,221.197.250.168,5e0cb1cb80276dc0bde82c104660e4a4,Stiedemann Group,Engineering
Europe,Access Point,65.188.130.25,5e18c77e1cb6ccfec2a1004011011e72,Towne LLC,Services
Africa,Access Point,0.111.141.29,25c22146389d96e2e0c740153008f90e,Aufderhar-Fadel,Product Management
Asia,Switch,156.32.244.7,53ecc2a59bbf3b4c598af2873f1251e5,"Auer, Douglas and Schiller",Training
Africa,Access Point,79.240.157.87,627a7d0dd8b580477bf8878589b741c4,Stamm-Hegmann,Research and Development
South America,Switch,213.143.13.112,c73ac7b46c5a664cb13b5e6f0bca4c3b,"Schamberger, Heaney and Bashirian",Sales
North America,Router,171.118.120.216,745ba54a174f652cb42dd1510f03656c,"Heaney, Zulauf and Welch",Business Development
Africa,Switch,50.65.67.72,518518113d88f9eee931281562923511,Emmerich LLC,Engineering
Africa,Access Point,105.175.9.56,7f89143a27b3300fe25e40e82be92cb8,Feeney Inc,Accounting
Africa,Firewall,111.14.125.75,cd7e7e700d2110dff574f587b53eb65a,Bosco Inc,Services
Europe,Access Point,59.43.41.201,c44db7be9e41c57a6a500baf38323473,Jacobi Group,Accounting
Asia,Firewall,91.94.9.158,c7ddf0fdfc7f01564b92989dd1341710,Hermiston Group,Sales
Asia,Access Point,170.13.232.238,902721e5dd24c2fb7aa855c13b2eb2b8,Koss Group,Training
Africa,Switch,252.183.132.172,9fb8c2b3d9605b34ebfdf96f1af1c48a,Gerlach-Waters,Services
North America,Firewall,46.66.9.137,bd46cfb2526b231b9ef50eec48968894,Hackett-Schiller,Legal
Africa,Switch,186.26.17.77,4f10582f5f34c1f63395b2b35a8d8aaa,Rowe-Gerlach,Support
Africa,Router,203.7.233.147,a6b14277f667c88d53dcdae588d6a487,Feeney-Casper,Training
Africa,Switch,251.245.211.149,3f20ece715eeb0da3ea737a26f459afe,Stracke-Jerde,Engineering
North America,Switch,,acf184bfd9d0b65f79d85f232091a49f,Runolfsson-Kohler,Legal
North America,Access Point,206.205.22.195,b5fc4ecd0fd297f6b0ada6698e80022b,Ferry-Morissette,Accounting
Europe,Access Point,105.166.55.225,aa8a029da6716ef693186b69d42e66c5,Bergstrom-Veum,Research and Development
Europe,Switch,,b8e43cf0b6cd8f01949789bdac9a3328,"Leuschke, Walsh and Schowalter",Human Resources
Africa,Access Point,37.124.141.106,c1730971d2e4c6e59a7f0c733a1d41e5,Reynolds-Franecki,Business Development
Europe,Switch,181.53.180.185,d348fa4adcbfd88e9961136217ccb460,Dooley-Klocko,Human Resources
Europe,Access Point,210.146.187.44,55dd5a83d188348b6682d8cdd72be8bd,"Mosciski, Mayert and Tromp",Research and Development
Africa,Switch,223.72.211.152,85877ef69ecb55b19e974527c6f47c36,"Hilll, Zemlak and Skiles",Engineering
Africa,Firewall,,918e910bbb9c17a1db36d4a4db18cbfc,Crist-Larson,Sales
Asia,Access Point,44.21.176.230,9e91ec9761cf7ceb65cb2940bdfed7a9,"Von, Tremblay and Christiansen",Product Management
Asia,Switch,14.245.244.202,8fdd32dca8d27778b572513ace4c6072,Nicolas and Sons,Accounting
North America,Router,,f5689cf31bb93dc80aa4d4bec16360b7,Hammes-MacGyver,Product Management
South America,Access Point,,7343d5c07e73618e0dee771ac2f8a728,"Wisozk, Huels and Davis",Product Management
South America,Switch,215.108.73.45,4973ed3bbdd760b845e243b14d3d4050,"Christiansen, Kutch and Windler",Engineering
Europe,Firewall,29.47.90.81,30cb22b51650cb3e061acf248af3f1cb,Sauer Inc,Human Resources
South America,Switch,,82ef96827385061b682636f545efbd5b,Boyle-Herzog,Business Development
Europe,Router,30.239.98.1,a0637691ab3f29a89d6113751e248de6,Gibson and Sons,Engineering
North America,Switch,,feac5952890c3b4866a38f6fcd9b4b3e,Reichert Inc,Support
Asia,Access Point,47.58.219.207,0c54d64e70a74ef2a2f96a85bb3e3e5c,Koelpin Inc,Services
Africa,Firewall,73.22.247.115,b7ae823726790b31f36f06ad96aedeee,Prosacco LLC,Business Development
Africa,Router,185.65.246.100,72d0dfd3ad817962ef4f0f338a41939a,Abernathy-Keeling,Human Resources
North America,Switch,221.41.88.61,caccf404a7764bc317dd4a3e1bfe479b,Mante LLC,Support
Europe,Firewall,30.219.169.12,a8c1d39c58ae366ee2ae619473eba8ae,"Cartwright, Kemmer and Hand",Services
Europe,Firewall,91.36.142.199,e0370ee31e161cd4d78bc4b3ca17f0c9,Marvin Group,Sales
Africa,Firewall,40.89.179.36,f4b333c83f339b3e92acc486c843a799,"Rippin, Mayert and Rath",Training
South America,Router,163.239.101.69,685e1500cc7439b428ee30fb60e60415,Reinger Inc,Services
South America,Access Point,42.125.130.248,831e2fa5e3f994ef18c4745be029d175,Strosin Inc,Business Development
North America,Firewall,,90f4fe1de2e0e147f863131df754b7e6,"Toy, Muller and O'Connell",Support
Asia,Access Point,234.191.112.45,71126f4d4200abc8093bcbfc1b688e3a,Terry Group,Business Development
Asia,Firewall,87.144.141.34,317458e0804062a1348601abf89bdb48,Hermiston-Carroll,Services
Africa,Switch,198.163.138.218,59d81ddbc56b784f231f5ba6371bcedc,"Gutkowski, Cole and Jacobson",Legal
Africa,Firewall,223.222.33.51,4d745f75fb832a0b4cb78eaea59722f7,Treutel-Ziemann,Research and Development
Europe,Switch,113.223.188.13,025096e7606396969488fcdd6592b131,Beer-Heidenreich,Services
North America,Switch,237.86.151.107,5dc72d1276ccf83b322673410071914a,Vandervort Inc,Product Management
Africa,Firewall,251.12.64.118,848ab791ff46e98d029930205b0bcadd,Hoppe-Wintheiser,Accounting
South America,Firewall,,2d482f1df38d1480b1db24954df25109,"Crooks, Gusikowski and Boyer",Product Management
South America,Router,8.9.156.44,49ba5ab73ae59fdbb07216cfda70c4fc,"Kuhic, Hegmann and Schuster",Marketing
North America,Access Point,60.86.178.220,9ef66a81357774a1da1b948598b150ae,"Frami, Lynch and Schinner",Support
Africa,Firewall,43.88.10.113,501f24547d5dfe91cbc0f3c4296035c3,Dach LLC,Legal
North America,Firewall,36.40.107.138,541905574a6227c8786dffe01842a994,Marvin LLC,Accounting
South America,Access Point,,f63a742eae4372ce7f6cf8452c6f7a7f,"Moen, Yundt and Zemlak",Product Management
Africa,Switch,27.48.240.24,49684605180499e7b077e81671cea5c3,Wisozk Group,Business Development
Asia,Switch,226.207.157.226,7925aa4ffa8125a2812ca57f2dc9d169,Hermann Inc,Marketing
Africa,Access Point,85.197.66.202,c2735e5291150c3f39a15550c85aaa57,"Brown, Hegmann and Davis",Support
South America,Router,209.185.129.208,ebe1c5a659aef1d08c869dc072cb4f90,"Maggio, Halvorson and Abbott",Product Management
Africa,Router,162.79.254.157,7d249d7c57815775900ced6e6e2108b3,Dickinson-Dietrich,Business Development
Africa,Access Point,215.61.117.183,9d6d84ea4270bc064a06568bcd5385d7,"Jacobs, Conn and Frami",Research and Development
Asia,Switch,,c3e4cdbaf98048da085ed031ca0b69c6,Kub-Greenholt,Accounting
Europe,Switch,188.238.140.211,b37781e834d8a527452d99e68f6245ec,Williamson-Simonis,Business Development
Europe,Router,82.35.165.164,8bb1f721a466967527663fee9adb3ee4,Becker Inc,Accounting
Asia,Firewall,97.43.21.135,fe53f6f12e1c3eb7c127ccff096b2f56,Davis LLC,Marketing
Europe,Switch,205.234.189.136,8f557ea438380fd64182ba8992e538b1,Kling-Crona,Services
South America,Switch,75.164.230.231,603c27f8b5782804b7f562d500798b99,Jakubowski-Christiansen,Support
Europe,Access Point,87.248.45.69,5c2342516cae1591e540600759235d95,Wiza-Sawayn,Product Management
Africa,Firewall,251.2.56.165,b565cc0591b9e55b536aca5a9babb8c8,"Schneider, Jacobs and Bergstrom",Legal
Asia,Firewall,6.57.30.26,6fea87aefd7315b5de254ca6d84b44d3,"Durgan, Kohler and Parker",Business Development
South America,Switch,212.40.44.137,5a34153f3cb00e60320aea9ed11b68a0,Wisozk LLC,Marketing
Europe,Access Point,10.248.100.59,49609c3fdadba5a6b770e71a314f5408,Mann Inc,Business Development
Asia,Router,197.97.57.41,39ededecbc1a5bb84d49bbc94086bfa5,"Reynolds, Keebler and Mosciski",Product Management
Asia,Router,85.253.215.238,21c7c1a2918d5225c4504ad0c2d9237b,Renner LLC,Research and Development
North America,Switch,,e1a6b790fd07512cbd063a9acff05a56,Tromp-Hamill,Marketing
North America,Switch,19.199.18.68,221029f18b2ef7c0fe19c97c6583681e,"Kshlerin, Will and Willms",Business Development
Europe,Router,21.201.8.161,434ea32a514b3fc1c1b2852490dfba05,Dietrich-Steuber,Sales
Asia,Firewall,126.85.13.50,86c0f50a83d338db70d35871018fc501,"Turner, Carter and Will",Engineering
Asia,Firewall,178.110.134.40,365739e70b725ed0028fd0ed2e5ce838,Ryan-Haley,Sales
Africa,Firewall,36.229.139.247,799ddf59728e0e7a00a7537985cfd54e,Blick-Abernathy,Training
Africa,Firewall,75.91.36.239,00e3ffc816e547a637d5d505a75ff196,Prohaska-Erdman,Business Development
Asia,Access Point,206.137.83.37,c56066ae18171e86680ca05ac5f4ddcc,Dietrich LLC,Research and Development
Europe,Access Point,91.221.202.41,d9d9bb8dbade4aaad0c0cd3cebdb60e9,Shields Inc,Marketing
South America,Router,83.248.19.77,d1faeb2ed8e454b05452515599d77f46,Braun-Schuppe,Human Resources
North America,Firewall,203.126.101.146,ff6b02bdec82d141073f7d039a0e39a9,"McDermott, Toy and West",Sales
Asia,Switch,241.98.164.227,e7ee027e31d3cebc4ab6abc50df086c4,Walter Group,Human Resources
Europe,Switch,,cf971704e1331be99fb38ab818179c05,Dare-Runolfsson,Product Management
Africa,Router,196.167.91.124,a3a402cd4d331566650e7a20b811c42a,Keeling Group,Accounting
South America,Switch,2.14.192.18,66b48659767d9b946b012e460b4c6bb6,"Fay, Pacocha and Emmerich",Accounting
North America,Access Point,70.69.83.166,0496672194a64dd49b5f4498bfecaba2,"Bednar, Ebert and Vandervort",Engineering
South America,Switch,0.223.73.13,5cf7b294c66efdaa57928eade4e32dfc,Rosenbaum-Bashirian,Product Management
Asia,Switch,177.60.157.164,8cd84fa04eb212213e87641928c99510,Strosin LLC,Research and Development
Europe,Switch,225.97.166.125,c1eccd7059f314ee4c763c1861776c68,Stamm-Schaefer,Engineering
Asia,Access Point,249.137.64.211,a4af6ec9ec4e323ce1d291e0681014d1,"Lang, Schmeler and Herzog",Legal
Europe,Switch,162.133.183.148,9569a167a0434871655cfa3e603ce236,Pagac-Maggio,Sales
Asia,Access Point,238.230.74.46,1ef78cd36563f2af563570da108d8b14,Greenfelder-Gorczany,Marketing
Asia,Router,70.91.92.198,d66c479639a9f320cdbcf3a41c68daf2,Lockman Inc,Services
North America,Router,125.24.122.234,a830ef353785a5415a8c7f6ef60ce2b1,Powlowski LLC,Research and Development
North America,Switch,207.215.164.75,f44031746a36f5e921781b302767502a,"Denesik, Carroll and Lemke",Support
Africa,Access Point,94.24.225.39,14aae3bce5c17edd3d83e00f336877c9,Huels Group,Research and Development
South America,Switch,91.101.169.141,e27057b309dc0dd9cca08bdc609d4025,Bergnaum and Sons,Training
Africa,Access Point,93.173.20.204,aa3e46d9b6096b1f9d39cc25bc80e095,Hettinger-Wehner,Engineering
North America,Firewall,36.104.199.220,71a932f10b98d33a2d306fc7a91c1bcf,"Senger, Hilpert and Stamm",Training
South America,Switch,251.63.147.9,ee8e33bfc57d84fdf1592abbe6f8d6da,"Nicolas, Cole and Fisher",Legal
North America,Access Point,30.71.169.127,495daaf071bcaad5f7a08c5214b11db5,Keebler-Senger,Training
North America,Switch,141.155.182.132,39711da3d6a40005a5bfafb13d1de688,"Treutel, Jacobson and Schamberger",Sales
North America,Switch,,463ff1532409075e0883519b0d01a675,"Considine, Zemlak and Legros",Research and Development
South America,Router,130.206.166.252,f0641f8d73b93014f7702ff3b20f7ae2,Turner-Ratke,Business Development
Africa,Firewall,175.97.160.51,c497d726f4d835886831b88fff4141bd,Haley-Rowe,Business Development
North America,Switch,48.170.121.164,b5099e9d1b1e9d2d6a7065972fa82d6d,White-Ullrich,Research and Development
North America,Router,110.88.97.111,9540a97b53c5ea3ad42fc1d474ed54eb,Kilback Group,Accounting
North America,Firewall,61.207.233.195,0431569b3999baa2470ca1b1046b1b92,Tromp-Emard,Engineering
South America,Firewall,223.103.112.63,884eabf028c22a1d555eb10c5c509e19,"Cremin, Bartoletti and Pagac",Research and Development
Asia,Switch,160.39.247.51,b609392bc166fbff5360a8f757465ee7,"White, Daniel and Schinner",Services
Asia,Router,,0d8c1f91b15e6547a8dd930312761809,"Beahan, Toy and Jaskolski",Legal
Europe,Router,2.249.138.211,cf3f75e2ac884182bfb6bc0bf2756a58,McKenzie-McGlynn,Training
South America,Firewall,21.145.62.243,e97153c59acc39d3fba825a29a3b97f1,Block-Rempel,Support
South America,Firewall,,f3f212a02742094af705f768e403364f,Pacocha-Stamm,Research and Development
Europe,Access Point,86.18.97.57,ea1d58701c39a8394d9e51a33c0512c4,"Dooley, Kuhlman and Mohr",Research and Development
North America,Switch,,82d35131d6fb84230d4f0d827f486b03,Runolfsson-Swift,Services
Asia,Switch,11.33.16.196,e11fd1625092892dd1c6c348772e697e,"Shields, Kuhn and Heathcote",Sales
South America,Access Point,133.144.99.18,e876838cc7079deaddd0e7d7b0eadc5a,Blanda Group,Training
Asia,Access Point,210.74.96.125,07cab079d003e5649f91e3e3fe38577d,Cummerata and Sons,Human Resources
South America,Access Point,151.89.237.208,3e62cb7fb2f1188257e8f436c0ba460b,"Renner, Mills and Gibson",Sales
Africa,Firewall,190.252.89.170,667656224449254ec08c03acf80168a4,Rohan-Gleason,Support
South America,Access Point,,37d5c06edb7e46f5ba1ac5d2fa580d16,Wiegand LLC,Support
North America,Switch,8.200.47.188,c9c5e10736d1f76e280b6c181b72b75e,Runolfsdottir LLC,Engineering
Asia,Access Point,121.36.165.95,049da751122ce727ce982d93a9a9cdd7,Emmerich-Mayer,Business Development
Europe,Router,210.140.26.133,80a049cc42a6792279cebcef1b46ef42,"Prohaska, Will and Wolff",Accounting
Africa,Router,108.143.9.123,f94ea75d7dd5b6fa02686b861aee6aca,"Kuphal, Hilpert and DuBuque",Marketing
Africa,Access Point,51.123.25.93,d60381459467a04180ccdf0df9c2746f,"Stokes, Bins and Lakin",Engineering
Europe,Switch,142.190.182.221,8cba5c3c72d427727f2a980ddedd614f,"Frami, Dach and Rogahn",Human Resources
North America,Access Point,237.138.98.40,cb618e3ddd96838f2ad0d04fe53553ee,Blanda Inc,Engineering
Europe,Access Point,133.36.161.5,fc45ad37a7c69ab748db59011de487ca,"Jones, Gutkowski and Frami",Accounting
Africa,Switch,71.168.94.68,884574b8d3874f147aad9dafaac076b0,Kuvalis-Kozey,Services
South America,Access Point,,3c7a12ddb5050fdc2196bd4f86edcc28,"Pagac, Conroy and Bergstrom",Support
North America,Firewall,,55026cffa4f77bf575db4974a31b9d68,Champlin-Mohr,Marketing
North America,Switch,123.123.195.111,ad315a6f2e3eaddaa10d757d4385c31b,"Marvin, Crooks and Kunde",Product Management
Africa,Router,29.200.157.199,e068006def8d34eea2c4576a065cd2e7,"Abernathy, Lueilwitz and Pouros",Accounting
Africa,Access Point,91.27.142.24,a6ba00b610c6250a3e0897f3e0834f2b,Sanford-Schuppe,Human Resources
North America,Switch,84.172.240.145,14adb5c0ac8aed3a4d12be2212667a2f,"Harber, Rolfson and Stamm",Marketing
Asia,Router,186.59.144.245,daa6239fe7bc6dda031061ff7b2aea8c,Reichert-Bernhard,Accounting
Africa,Router,,ce3739eb9a51d136cae88230d5f6c36a,"Walsh, VonRueden and Smith",Support
Europe,Firewall,147.88.81.43,32b1c7f3ab8607895567c3c08694e7b5,"Gulgowski, Yundt and Stanton",Training
Asia,Firewall,143.12.53.82,c628e90b34e6a15207a864807d2a91a2,King LLC,Business Development
Europe,Switch,68.109.20.36,7fbe8c8be169f4cc2b495cddacf066b1,Crooks-Kuvalis,Legal
Africa,Access Point,54.253.237.218,10807f9c651a638b55afec43d8a98b44,"Hodkiewicz, Wehner and Krajcik",Legal
North America,Access Point,,93733b3300414ece56ab370ce4be667e,"Sawayn, Kling and Schoen",Research and Development
Europe,Firewall,117.39.109.229,d0520358e2100aad87dcb5d23553499e,King-Gerlach,Research and Development
Europe,Router,,b98cc0be52a70d26a6b3507c31f201c4,"Hegmann, McLaughlin and Gottlieb",Support
Asia,Router,180.99.248.76,6c90c373b328f543615ec57b7c46c442,Rippin Inc,Services
Africa,Switch,241.79.51.0,c5f614a561347774c043fa906a392ada,Boyer Inc,Engineering
North America,Firewall,49.164.19.8,267127d00688d1f9efb2ac941787a4aa,Franecki Inc,Services
North America,Router,39.231.15.0,80ab1026685d750908e8ad5382106057,"Rodriguez, Hettinger and Bradtke",Sales
North America,Access Point,,b29312f2f00aaca9ec1c5da5611b0d81,"Greenholt, Ward and Crona",Human Resources
Asia,Firewall,186.169.34.56,0600fe37f74627490dac096df753f9bf,Lynch LLC,Services
Asia,Firewall,97.217.11.45,919c9e9c2ed2fc7cbe6fc51928f67e39,Braun-Hayes,Research and Development
Asia,Switch,150.209.48.64,0477142feeb6685c43e43cf5a16aa924,Bode Inc,Product Management
North America,Router,25.111.163.147,e6992b96b39384fcface3a0ab292b6f7,Wehner Inc,Accounting
South America,Firewall,189.83.137.181,30457a79b65f7cceb387eeb08fed82a8,Bauch-Lakin,Training
Asia,Access Point,,9cda2a12c07976a478a6d03cd8fd97b0,"Bruen, Rosenbaum and Hammes",Product Management
Europe,Access Point,1.231.114.149,4cc2a77b79cc14befa791c29354fa407,Rosenbaum and Sons,Engineering
Asia,Firewall,54.34.113.211,98c81a6907150cc933160ac06eabac23,Schmitt Inc,Sales
South America,Switch,247.212.101.80,b594fcb6afd6a412c4e30c3ce4760a84,"Wolff, Cronin and Lebsack",Accounting
North America,Switch,246.134.116.145,b7f7ab6b900c1b8e1152da94fe594a3e,"Barrows, Johns and Wiegand",Legal
Europe,Switch,,440576603387f606bcbbb0fa594948cb,Schaefer Inc,Research and Development
Africa,Access Point,,240ee9b4b4e2997a50bfe6ab72f9e95c,Hackett-Gerlach,Business Development
Europe,Firewall,,19ac3bf6c1eeb71067feb2012a1be133,DuBuque Group,Research and Development
Asia,Firewall,,9a1ef52c6d1d296ee390bf06a5f0e21d,Considine and Sons,Services
Asia,Firewall,32.16.189.32,9dea15789b46554dd22e46802444bebf,Gleason Group,Engineering
South America,Access Point,154.178.32.238,03e7d3eb64408bd2d188b00c1b15291c,Ebert-Lemke,Sales
North America,Router,52.127.192.43,7e8a52b2deff617ff58928edcdd8d6a9,Kovacek Inc,Business Development
Africa,Access Point,,cd33acd5ff37987cff77ec25a7dd5d61,Kunde Group,Engineering
Asia,Firewall,,0a80bb8e29294458bd84a5b2b8abccf4,"Kertzmann, Monahan and Flatley",Engineering
Africa,Router,83.72.181.196,59f3538b21234aab7fcce17fd2f67020,Smitham-Hane,Business Development
South America,Router,164.12.34.228,0b37d7c11328deec04c091c208619795,"Windler, Murazik and Auer",Accounting
Africa,Switch,46.99.101.248,b17d939b7f2323d872ebae2c7c36019f,Johns-Kub,Marketing
Africa,Firewall,69.54.70.115,896df6cb439c408626aa853a30bb5652,Walsh Inc,Research and Development
Europe,Firewall,98.83.7.63,a13c1ab74b30c43314bc38c94ee92bab,"Kub, Schmitt and Schultz",Business Development
Africa,Firewall,15.133.24.77,20fa75443caa400a3effd5624ca042c0,Legros Group,Training
Asia,Firewall,81.184.90.213,1fee628b4843241bb081ff474368740e,Gusikowski Group,Marketing
Africa,Access Point,194.177.228.203,f562ad0d055d6ff96ab6160d81ae5725,Nienow Inc,Business Development
South America,Router,4.137.18.181,ce656d36518caa1c671767ec5440f558,Lockman Group,Services
North America,Access Point,194.69.78.227,5e4bd7bc0c14c59beaf0cca96c95adc2,Bahringer-Pouros,Human Resources
North America,Access Point,81.107.66.1,49b261dadf132d9e229592bc363bd51d,Labadie Inc,Research and Development
Europe,Access Point,214.222.117.185,d5f90219b91195903ea8525ff668a4b3,Ward Group,Services
Africa,Switch,,5d0506aea91014f85848109db329e02d,"Dicki, Lehner and Wiegand",Marketing
Europe,Router,72.40.15.209,6960592b5d5e2a0118be941d2030a58d,Johnston-Marquardt,Sales
North America,Access Point,28.94.221.45,7fceee096a39a3cf6349e933ee73f0cd,Marks-Marks,Legal
South America,Switch,65.115.50.116,be10d1d83513fe625a7e981d1e1c81ba,Lubowitz Inc,Business Development
Africa,Router,101.251.243.219,fa81c19d4874c4c39f547f2e350e748f,"Dickinson, Lang and Ledner",Accounting
South America,Access Point,207.58.58.84,d83fd8c88dc6eb0854a77f2c46a700b6,"Brakus, Will and Mosciski",Engineering
Europe,Access Point,169.172.175.22,f1bd2825f84a15ef099405fd0f0cdb50,Lind Group,Product Management
Europe,Switch,,5e16c3e4c67d1d727bfda5316c292c74,Treutel Group,Marketing
North America,Firewall,255.154.114.223,b6aeb4bec9418c36193dfb364c8abe73,Mills-Kozey,Engineering
North America,Firewall,142.89.35.50,df53770389e0b903aa935f33ced8bcfc,Torphy-Maggio,Training
Asia,Router,174.97.108.206,8ff968d6811184e8d826ee8777bc65d7,Kovacek Group,Services
Europe,Router,121.84.73.7,4688a389ffd0e4b7124ec3ed03b3024a,Olson and Sons,Human Resources
Europe,Firewall,160.237.243.133,29dd75037216514271b716e8dfd7ca69,Goyette-Lakin,Human Resources
Asia,Router,233.163.51.212,60d669df3a362f90eefcfa8bfe21f2b4,Klein and Sons,Accounting
North America,Firewall,,ee93f294349c962b216a2ee7698ff24b,Zemlak Inc,Marketing
South America,Firewall,230.177.229.162,23e975c4dfb2fd78a0eeb52d26604cbc,Brakus-Green,Marketing
Asia,Router,110.5.28.25,dd6f34990e56b359c60619bee413d1b2,Fahey Inc,Support
North America,Router,69.81.215.172,03f37cbfc66c1508db40749e5769b0b3,Bernier-Waelchi,Business Development
South America,Access Point,125.172.164.229,b9cf0e6a51ff76d5795985a0b28b087f,"Hilpert, Schiller and Huels",Marketing
Asia,Firewall,,891fa185c5cec44669cacf0e8cf1d4ae,Kuhn-Schinner,Training
Europe,Firewall,142.196.120.120,a88a499377ce657b14e785bed1b753ab,Ortiz-Predovic,Support
Europe,Firewall,46.112.185.23,6493fa1b00d27bcec10cca773f71f928,Hammes-Hahn,Accounting
